school_id;school_id14
S5305;P1367-0
S0105;S0005-0
S0138;S0006-0
S0220;S0007-0
S0101;S0008-0
S0345;S0009-0
S0222;S0011-0
S0332;S0013-0
S4961;S0013-1
S0304;S0014-0
S0325;S0015-0
S0104;S0016-0
S0134;S0017-0
S0155;S0020-0
S0156;S0021-0
S0128;S0022-0
S0110;S0024-0
S0147;S0028-0
S0328;S0029-0
S0306;S0030-1
S0314;S0031-0
S0324;S0032-1
S0204;S0033-0
S0333;S0034-0
S0302;S0035-0
S0316;S0037-0
S0153;S0039-0
S0108;S0044-1
S0206;S0045-1
S0214;S0048-0
S0129;S0049-0
S0323;S0056-0
S0215;S0057-0
S0313;S0059-0
S0136;S0061-0
s0342;S0062-0
S0112;S0063-0
S0346;S0065-0
S0303;S0066-1
S0111;S0069-0
S0124;S0071-0
S0317;S0072-0
S0114;S0074-0
S0209;S0075-0
S0146;S0077-0
S0127;S0078-0
S0218;S0079-0
S0310;S0080-0
S0308;S0081-1
S0113;S0082-0
S0321;S0084-0
S0340;S0085-0
S0205;S0086-0
S0121;S0088-0
S0341;S0091-0
S0305;S0092-0
S0140;S0093-0
S0331;S0094-0
S0217;S0095-0
S0148;S0096-0
S0335;S0097-0
S0330;S0098-0
S0152;S0099-0
S0135;S0100-0
S0141;S0100-1
S0118;S0101-0
S0318;S0103-0
S0203;S0106-0
S0106;S0106-5
S0116;S0108-0
S0210;S0110-0
S0117;S0111-0
S0312;S0112-0
S0348;S0113-0
S0159;S0114-0
S0207;S0115-0
S0154;S0117-0
S0119;S0119-0
S0343;S0122-0
S0122;S0122-1
S0322;S0124-0
S0107;s0126-1
S0139;S0128-0
S0352;S0129-0
S0329;S0131-0
S0357;S0133-0
S0130;S0130-0
S0368;S0135-1
S0361;S0136-0
S0359;S0138-0
S0355;S0139-0
S0165;S0140-0
S0380;S0141-0
S0223;S0142-0
S0376;S0145-0
S0356;S0146-0
S0363;S0147-0
S0367;S0156-0
S0157;S0157-0
S0378;S0159-0
S0349;S0160-0
S0358;S0161-0
S0327;S0163-0
S0387;S0164-0
S0167;S0167-0
S0388;S0167-1
S0385;S0168-0
S0353;S0169-0
S0386;S0170-0
S0372;S0171-0
S0375;S0172-0
S0354;S0173-0
S0389;S0174-0
S0397;S0177-0
S0360;S0179-0
S0371;S0180-0
S0224;S0182-0
S0373;S0183-0
S0404;S0187-0
S0407;S0188-0
S0406;S0189-0
S0409;S0190-1
S0405;S0192-0
S0168;S0196-0
S0169;S0197-0
S0414;S0198-0
S0420;S0199-0
S0417;S0200-0
S0418;S0201-0
S0226;S0202-0
S0422;S0203-0
S0171;S0204-0
S0428;S0206-0
S0430;S0207-0
S0208;S0208-0
S0431;S0208-1
S0426;S0209-0
S0429;S0210-0
S0427;S0211-0
S0432;S0212-0
S0419;S0213-0
S0213;S0213-1
S0436;S0217-0
S0438;S0218-0
S0434;S0219-0
S0435;S0220-0
S0395;S0221-0
S0439;S0222-0
S0454;S0224-0
S0449;S0225-0
S0446;S0226-0
S0447;S0227-0
S0448;S0228-0
S0444;S0229-0
S0445;S0230-0
S0443;S0231-0
S0442;S0232-0
S0452;S0234-1
S0451;S0235-1
S0450;S0236-0
S0456;S0237-0
S0231;S0238-0
S0173;S0239-0
S0459;S0240-0
S0462;S0241-0
S0225;S0242-0
S0461;S0243-0
S0460;S0244-0
S0465;S0245-0
S0464;S0249-0
S0476;S0251-0
S0441;S0251-1
S0463;S0252-0
S0528;S0254-0
S0538;S0256-0
S0533;S0257-0
S0488;S0258-0
S0511;S0259-0
S0541;S0261-0
S0539;S0263-0
S0468;S0264-0
S0473;S0265-0
S0471;S0266-0
S0472;S0267-0
S0474;S0268-0
S0475;S0269-0
S0172;S0270-0
S0478;S0271-0
S0477;S0272-0
S0479;S0273-0
S0480;S0274-0
S0484;S0277-0
S0485;S0278-0
S0486;S0279-0
S0540;S0280-0
S0457;S0280-1
S0487;S0281-0
S0493;S0282-0
S0489;S0283-0
S0490;S0284-0
S0491;S0285-0
S0492;S0286-0
S0495;S0288-0
S0527;S0289-0
S0544;S0290-0
S0545;S0291-0
S0524;S0292-0
S0546;S0293-0
S0543;S0294-0
S0547;S0295-0
S0548;S0296-0
S0482;S0297-0
S0496;S0298-0
S0498;S0300-0
S0499;S0301-0
S0508;S0302-0
S0506;S0303-0
S0521;S0304-0
S0515;S0305-0
S0455;S0306-0
S0503;S0307-0
S0504;S0308-0
S0507;S0309-0
S0505;S0310-1
S0509;S0311-0
S0510;S0312-0
S0513;S0314-0
S0514;S0315-0
S0517;S0316-0
S0516;S0317-0
S0518;S0318-0
S0519;S0319-0
S0520;S0320-0
S0466;S0323-0
S0531;S0324-0
S0537;S0327-0
S0535;S0328-0
S0526;S0329-0
S0536;S0330-0
S0534;S0331-0
S0556;S0332-0
S0542;S0333-0
S0550;S0334-0
S0554;S0335-0
S0552;S0336-0
S0551;S0337-0
S0553;S0338-0
S0549;S0339-0
S0555;S0340-0
S0619;S0341-0
S0605;S0342-0
S0562;S0342-1
S0561;S0343-0
S0565;S0346-0
S0564;S0347-0
S0579;S0349-0
S0578;S0350-0
S0557;S0351-0
S0558;S0352-0
S0559;S0353-0
S0423;S0354-0
S0583;S0355-0
S0581;S0356-0
S0580;S0357-0
S0582;S0358-0
S0591;S0360-0
S0592;S0361-0
S0594;S0363-0
S0613;S0363-1
S0596;S0365-0
S0597;S0366-0
S0600;S0369-0
S0601;S0370-0
S0602;S0371-0
S0585;S0372-0
S0603;S0373-0
S0604;S0376-0
S0606;S0376-1
S0607;S0377-0
S0608;S0378-0
S0609;S0379-0
S0610;S0380-0
S0611;S0381-0
S0612;S0382-0
S0614;S0384-0
S0615;S0385-0
S0616;S0386-0
S0617;S0387-0
S0586;S0388-0
S0589;S0389-0
S0587;S0390-0
S0523;S0391-0
S0590;S0392-0
S0618;S0393-0
S0620;S0394-0
S0560;S0395-0
S0624;S0396-0
S0622;S0397-0
S0623;S0398-0
S0625;S0399-0
S0374;S0400-0
S0627;S0402-0
S0232;S0403-0
S0628;S0404-0
S0629;S0405-1
S0630;S0406-0
S0631;S0407-0
S0635;S0409-0
S0633;S0410-0
S0235;S0411-0
S0636;S0412-0
S0638;S0414-0
S0637;S0415-0
S0639;S0416-0
S0640;S0417-0
S0641;S0419-0
S0233;S0420-0
S0642;S0421-0
S0781;S0422-0
S0643;S0423-1
S0693;S0424-0
S0662;S0425-1
S0648;S0426-0
S0672;S0427-0
S0645;S0428-0
S0646;S0429-0
S0647;S0430-0
S0649;S0431-0
S0176;S0432-0
S0234;S0433-0
S0651;S0434-0
S0652;S0435-1
S0702;S0436-0
S0735;S0437-0
S0744;S0438-0
S0655;S0439-0
S0236;S0440-0
S0659;S0441-0
S0654;S0442-0
S0525;S0443-0
S0177;S0444-0
S0656;S0445-0
S0653;S0446-0
S0657;S0447-0
S0658;S0448-0
S0661;S0449-0
S0237;S0450-0
S0663;S0452-0
S0664;S0453-0
S0665;S0454-0
S0666;S0455-0
S0667;S0456-0
S0669;S0457-0
S0238;S0458-0
S0670;S0459-0
S0671;S0460-0
S0675;S0462-1
S0676;S0463-0
S0678;S0464-0
S0677;S0465-0
S0679;S0466-1
S0685;S0467-0
S0680;S0468-0
S0681;S0469-0
S0682;S0470-0
S0588;S0471-0
S0683;S0472-0
S0686;S0473-0
S0689;S0474-1
S0707;S0475-1
S0750;S0476-0
S0708;S0477-0
S0694;S0478-0
S0709;S0479-0
S0706;S0480-0
S0710;S0481-0
S0711;S0482-0
S0712;S0483-0
S0713;S0484-0
S0714;S0485-0
S0239;S0486-0
S0687;S0487-1
S0688;S0488-0
S0691;S0489-0
S0690;S0490-0
S0715;S0491-0
S0692;S0492-0
S0240;S0493-0
S0179;S0494-0
S0178;S0495-0
S0697;S0496-0
S0698;S0497-0
S0716;S0498-0
S0801;S0499-0
S0500;S0500-0
S0776;S0500-1
S0726;S0501-0
S0734;S0502-0
S0717;S0503-0
S0701;S0504-3
S0704;S0505-0
S0705;S0506-0
S0719;S0507-0
S0241;S0508-0
S0718;S0509-0
S0848;S0511-1
S0868;S0512-0
S0799;S0513-0
S1161;S0514-0
S0819;S0515-0
S0782;S0516-0
S0772;S0517-0
S0789;S0518-0
S0754;S0519-0
S0720;S0520-0
S0752;S0521-0
S0836;S0522-0
S0722;S0523-1
S0721;S0524-1
S0723;S0526-0
S0724;S0528-0
S0180;S0529-0
S0729;S0531-0
S0732;S0532-0
S0825;S0533-0
S0731;S0534-0
S0733;S0535-0
S0730;S0536-0
S0738;S0537-0
S0739;S0538-0
S0812;S0539-0
S0860;S0540-0
S0918;S0541-1
S0755;S0542-1
S0786;S0543-0
S0904;S0544-0
S0769;S0545-0
S0920;S0546-0
S0925;S0547-0
S0884;S0548-0
S0880;S0549-0
S0757;S0550-0
S0870;S0551-0
S0759;S0552-0
S0818;S0553-0
S0916;S0554-0
S0927;S0555-0
s0758;S0556-0
S0921;S0557-0
S0740;S0558-0
S0181;S0559-0
S0577;S0560-0
S1158;S0560-1
S0847;S0561-0
S0839;S0562-0
S0912;S0563-0
S0853;S0564-0
S0783;S0565-0
S0742;S0566-0
S0741;S0567-0
S0743;S0568-0
S0242;S0569-0
S0745;S0570-0
S0746;S0571-0
S0823;S0572-0
S0747;S0573-0
S0748;S0574-0
S0751;S0576-0
S0861;S0577-0
S0767;S0578-0
S0775;S0579-0
S0766;S0580-0
S0903;S0581-0
S0895;S0582-0
S0865;S0583-0
S0826;S0584-0
S0584;S0584-1
S0910;S0585-0
S0957;S0586-0
S0881;S0587-0
S0906;S0588-1
S0811;S0589-0
S0809;S0590-0
S0873;S0591-0
S0926;S0592-0
S0593;S0593-0
S0808;S0593-1
S0859;S0594-0
S0820;S0595-0
S0595;S0595-1
S0846;S0596-0
S0598;S0598-0
S0599;S0599-0
S0849;S0600-0
S0530;S0602-0
S0770;S0603-0
S0851;S0604-0
S0907;S0605-0
S0908;S0606-0
S0961;S0607-0
S0967;S0608-0
S0893;S0608-1
S0779;S0609-0
S0771;S0610-0
S0780;S0612-0
S0778;S0614-0
S0753;S0615-0
S0764;S0616-0
S0765;S0617-0
S0756;S0618-0
S0768;S0619-0
S0760;S0620-0
S0761;S0621-0
S0762;S0622-0
S0763;S0623-0
S1010;S0624-1
S0828;S0625-0
S0845;S0626-0
S0816;S0627-0
S0795;S0628-0
S0813;S0629-0
S0869;S0630-0
S1126;S0631-0
S0632;S0632-0
S0787;S0632-1
S0788;S0633-0
S0879;S0634-0
S0996;S0636-0
S0821;S0637-0
S0792;S0638-0
S0805;S0639-0
S0817;S0641-0
S0954;S0642-0
S0922;S0643-0
S0968;S0644-0
S0905;S0645-0
S0877;S0646-0
S0973;S0647-1
S0980;S0648-1
S0977;S0649-0
S0943;S0651-0
S0802;S0652-0
S0793;S0653-0
S1004;S0654-0
S0984;S0655-0
S0810;S0656-0
S0858;S0657-0
S1061;S0659-0
S0929;S0661-0
S0948;S0663-0
S0941;S0664-0
S0243;S0665-0
S0774;S0666-0
S0784;S0668-0
S0791;S0669-0
S0999;S0670-0
S0790;S0671-0
S0850;S0672-0
S0866;S0673-0
S0824;S0674-0
S0794;S0675-0
S0263;S0676-0
S0800;S0677-0
S0887;S0678-0
S0919;S0679-1
S0983;S0680-0
S0804;S0681-0
S0803;S0682-0
S0840;S0684-0
S0244;S0685-0
S0838;S0686-0
S0182;S0687-0
S0837;S0689-0
S0878;S0689-1
S0829;S0690-0
S0842;S0691-0
S0183;S0692-0
S0830;S0694-0
S1283;S0695-0
S0841;S0696-0
S0936;S0697-0
S1031;S0699-0
S0970;S0700-0
S0843;S0701-0
S0844;S0702-0
S0933;S0703-0
S1014;S0704-1
S0928;S0705-1
S0874;S0706-0
S0949;S0707-1
S0857;S0708-1
S0947;S0709-1
S1027;S0710-0
S0963;S0711-0
S0988;S0712-0
S0871;S0713-0
S0894;S0714-0
S0914;S0715-0
S0945;S0716-0
S0888;S0717-0
S0891;S0718-0
S0892;S0719-0
S0952;S0720-0
S1023;S0721-0
S1018;S0723-0
S1026;S0724-0
S0886;S0724-1
S0911;S0725-0
S1041;S0726-0
S1022;S0727-0
S1032;S0728-11
S0852;S0729-1
S0854;S0730-0
S0934;S0731-0
S0931;S0732-0
S1030;S0733-0
S0875;S0734-0
S0901;S0735-0
S0872;S0736-0
S0890;S0737-0
S1090;S0738-0
S0950;S0739-0
S0885;S0740-0
S0932;S0741-0
S0915;S0742-0
S0245;S0743-0
S0864;S0744-0
S0184;S0745-0
S0863;S0746-0
S0924;S0747-0
S0867;S0748-0
S0862;S0750-0
S0913;S0751-0
S0882;S0752-0
S0883;S0753-0
S0900;S0754-0
S0897;S0755-0
S0889;S0756-0
S0896;S0757-0
S0909;S0759-0
S0997;S0760-0
S0940;S0761-0
S0978;S0764-1
S1098;S0765-1
S0969;S0766-0
S1009;S0767-0
S1132;S0768-0
S0998;S0769-0
S0939;S0770-0
S0979;S0771-0
S1133;S0772-0
S1035;S0773-0
S0966;S0774-0
S1043;S0775-0
S0956;S0776-0
S1062;S0777-0
S0987;S0778-0
S1084;S0779-0
S0985;S0780-0
S0955;S0781-0
S0958;S0782-0
S0964;S0783-0
S0696;S0784-0
S1074;S0785-0
S1029;S0786-0
S0972;S0787-0
S0959;S0788-0
S1034;S0789-0
S0246;S0790-0
S1110;S0791-1
S0975;S0792-0
S1012;S0794-0
S1056;S0795-0
S1082;S0796-0
S0982;S0797-0
S0986;S0798-0
S0930;S0799-1
S0935;S0800-0
S1013;S0801-1
S0976;S0802-0
S0951;S0803-0
S1033;S0804-0
S1017;S0805-0
S1127;S0806-2
S1164;S0807-0
S0974;S0808-0
S1068;S0809-0
S0938;S0811-0
S0806;S0812-0
S0981;S0813-0
S1114;S0814-0
S1113;S0815-0
S0815;S0815-1
S0965;S0816-0
S1005;S0817-0
S0185;S0818-0
S0785;S0819-0
S0960;S0820-0
S0247;S0821-0
S1066;S0822-0
S1115;S0823-0
S0186;S0824-0
S1025;S0825-0
S0962;S0826-0
S0248;S0827-0
S0827;S0827-1
S1104;S0830-0
S0339;S0830-4
S1054;S0831-0
S0831;S0831-1
S1070;S0832-0
S1095;S0833-0
S1020;S0834-0
S1015;S0835-0
S1021;S0836-0
S1019;S0837-0
S1065;S0838-0
S1180;S0839-0
S1135;S0840-0
S1042;S0841-0
S0989;S0842-0
S1075;S0843-0
S1053;S0844-0
S1011;S0845-0
S1045;S0846-0
S1063;S0847-0
S1039;S0848-1
S1028;S0849-0
S1176;S0850-0
S1051;S0851-0
S1036;S0852-0
S1001;S0853-0
S1008;S0855-0
S1143;S0856-0
S1006;S0857-0
S1183;S0858-0
S1187;S0859-0
S1038;S0860-0
S1182;S0861-0
S1116;S0862-0
S1083;S0863-0
S0249;S0864-0
S0187;S0865-0
S0252;S0866-0
S0251;S0867-0
S0250;S0868-0
S1037;S0869-0
S1049;S0870-0
S0188;S0871-0
S1153;S0873-0
S1121;S0874-0
S1338;S0874-1
S1111;S0875-0
S1136;S0876-0
S1091;S0877-0
S1073;S0878-0
S1105;S0879-0
S1069;S0880-0
S1122;S0881-0
S1100;S0882-0
S1148;S0883-0
S1201;S0884-0
S1317;S0885-0
S1089;S0886-0
S1079;S0887-0
S1251;S0888-0
S1162;S0889-0
S1142;S0890-0
S1131;S0891-0
S1259;S0892-0
S1275;S0893-0
S1052;S0894-0
S1055;S0895-0
S1060;S0897-0
S1108;S0898-0
S1160;S0899-0
S1168;S0900-0
S1258;S0901-0
S1245;S0902-1
S1120;S0903-0
S1097;S0904-0
S1265;S0905-0
S1236;S0906-0
S1092;S0907-0
S1118;S0908-0
S1128;S0909-0
S1107;S0910-0
S1209;S0911-0
S1096;S0912-0
S1149;S0913-0
S1123;S0914-0
S1260;S0915-0
S1099;S0916-0
S1140;S0917-0
S1181;S0918-0
S1124;S0919-0
S1125;S0920-1
S1076;S0921-0
S1106;S0922-0
S1154;S0923-0
S1129;S0924-0
S1130;S0925-0
S1139;S0926-0
S1067;S0927-0
S1072;S0928-0
S1536;S0929-0
S1103;S0930-0
S1207;S0931-0
S1071;S0932-0
S1179;S0933-0
S1117;S0934-0
S1078;S0935-0
S1077;S0936-0
S1080;S0938-0
S1086;S0939-0
S1088;S0940-0
S1093;S0941-0
S1094;S0942-0
S1101;S0943-0
S1102;S0944-5
S1109;S0945-0
S0189;S0947-0
S0190;S0948-0
S0253;S0949-0
S1279;S0950-0
S1167;S0951-0
S1159;S0952-1
S1150;S0953-0
S1152;S0954-0
S1147;S0955-0
S1155;S0956-0
S0254;S0958-0
S1169;S0959-0
S1173;S0960-0
S1157;S0962-0
S1137;S0963-0
S1141;S0964-0
S1177;S0965-0
S1196;S0966-0
S1146;S0968-0
S1144;S0969-0
S1231;S0970-0
S1287;S0971-0
S1193;S0972-0
S1175;S0973-0
S1165;S0974-0
S1163;S0975-0
S1172;S0976-0
S1174;S0977-0
S0255;S0978-0
S1178;S0979-0
S0259;S0980-0
S0256;S0981-0
S1185;S0982-0
S1217;S0983-0
S1223;S0984-0
S1216;S0985-0
S1190;S0986-0
S1221;S0987-0
S1199;S0988-0
S1204;S0989-0
S1203;S0990-0
S1237;S0992-0
S1255;S0993-0
S1285;S0994-1
S1281;S0995-0
S1205;S0996-1
S1230;S0997-0
S1266;S0998-1
S0191;S0999-0
S0257;S1000-0
S1186;S1001-0
S0258;S1002-0
S1327;S1003-0
S1198;S1004-0
S1274;S1005-1
S1166;S1006-0
S1320;S1007-0
S1511;S1008-0
S1208;S1009-0
S1188;S1010-0
S1212;S1011-0
S1293;S1012-0
S1399;S1013-0
S1206;S1014-0
S1389;S1015-0
S1195;S1017-0
S1197;S1018-0
S1191;S1019-0
S1194;S1020-0
S1192;S1021-0
S1270;S1022-0
S1211;S1023-0
S1242;S1024-0
S1228;S1025-0
S0260;S1026-0
S0192;S1027-0
S1408;S1028-0
S1222;S1029-0
S1215;S1030-1
S1220;S1031-0
S1200;S1032-0
S1249;S1033-0
S1312;S1034-0
S1624;S1035-0
S1354;S1036-0
S1235;S1037-0
S1240;S1038-0
S1573;S1040-1
S1268;S1041-0
S1241;S1042-0
S1277;S1043-0
S1348;S1044-0
S1330;S1044-1
S1233;S1045-0
S1227;S1046-0
S1238;S1047-0
S1232;S1048-0
S1202;S1049-0
S0271;S1050-0
S1239;S1051-0
S1002;S1052-0
S0261;S1053-0
S1357;S1054-0
S1226;S1055-0
S0262;S1057-0
S1553;S1059-0
S1224;S1061-0
S0264;S1062-0
S0270;S1064-0
S1243;S1065-0
S1244;S1066-0
S0265;S1067-0
S1247;S1070-0
S1246;S1071-0
S0266;S1072-0
S1250;S1073-0
S1627;S1074-0
S1318;S1075-1
S1358;S1076-1
S1369;S1077-0
S1272;S1078-0
S1504;S1079-0
S1289;S1080-0
S1340;S1081-0
S1273;S1082-0
S1492;S1083-0
S1321;S1084-0
S1322;S1085-0
S1361;S1086-0
S1262;S1087-0
S1288;S1088-0
S1316;S1089-0
S1253;S1090-0
S1331;S1091-0
S1332;S1092-0
S1325;S1093-0
S1913;S1094-0
S1364;S1095-0
S1633;S1096-0
S1323;S1097-0
S1263;S1098-0
S1257;S1099-0
S1256;S1100-0
S1290;S1101-0
S1569;S1102-0
S1282;S1103-0
S1818;S1104-0
S1314;S1105-1
S1264;S1106-0
S1261;S1107-0
S1267;S1109-0
S1271;S1110-0
S1269;S1111-0
S1324;S1112-0
S1335;S1113-0
S1336;S1114-0
S1337;S1115-0
S0268;S1117-0
S1278;S1118-0
S1580;S1119-0
S1280;S1120-0
S0194;S1121-0
S1374;S1122-0
S1351;S1123-0
S1344;S1124-0
S1284;S1126-0
S0269;S1127-0
S1353;S1128-0
S1703;S1129-0
S1349;S1131-0
S1387;S1132-0
S1341;S1134-0
S1311;S1135-0
S1292;S1136-0
S1310;S1137-1
S1589;S1138-0
S1313;S1139-0
S1319;S1141-0
S1822;S1143-0
S1328;S1145-0
S1334;S1146-0
S1333;S1147-0
S1329;S1148-0
S1339;S1149-0
S0195;S1151-0
S1342;S1152-0
S1350;S1153-0
S1343;S1154-0
S1346;S1156-0
S1347;S1157-0
S1502;S1158-0
S1384;S1158-1
S1470;S1159-0
S1452;S1160-0
S1392;S1161-0
S1461;S1162-0
S1493;S1163-0
S1370;S1164-0
S1401;S1165-0
S1548;S1166-0
S2494;S1167-0
S1356;S1168-0
S1400;S1169-0
S1415;S1170-0
S1398;S1171-0
S1397;S1172-0
S2386;S1173-0
S1373;S1174-0
S1381;S1175-0
S1367;S1176-0
S1416;S1177-0
S1386;S1178-0
S1550;S1179-0
S1539;S1180-0
S1417;S1181-0
S1648;S1182-0
S2497;S1183-0
S1552;S1184-0
S2453;S1185-0
S2357;S1186-0
S1476;S1187-0
S1464;S1189-0
S1583;S1191-0
S1418;S1192-0
S2105;S1193-0
S1396;S1194-0
S1410;S1195-0
S1402;S1196-0
S1376;S1197-0
S2512;S1198-0
S2375;S1199-0
S1575;S1200-0
S1540;S1201-0
S1535;S1201-1
S1419;S1202-0
S1489;S1203-0
S1607;S1204-0
S1405;S1205-1
S1598;S1206-0
S1525;S1207-0
S1500;S1208-0
S1501;S1209-0
S2316;S1210-0
S1611;S1211-0
S1545;S1212-0
S1547;S1213-0
S1491;S1214-0
S1542;S1215-0
S1468;S1216-0
S1421;S1217-0
S1435;S1218-0
S1516;S1219-0
S3488;S1220-0
S1411;S1221-0
S1355;S1222-0
S1359;S1223-0
S1486;S1224-0
S1225;S1225-0
S1482;S1225-1
S1438;S1226-0
S1414;S1227-0
S1541;S1228-0
S1451;S1229-0
S1229;S1229-1
S1649;S1231-0
S2478;S1232-0
S1678;S1233-0
S1610;S1234-0
S2392;S1235-0
S1578;S1236-0
S1637;S1237-0
S1499;S1238-0
S1520;S1239-0
S1507;S1240-0
S1830;S1241-0
S1514;S1242-0
S3537;S1243-0
S1596;S1244-0
S1494;S1245-0
S1515;S1246-0
S1584;S1247-0
S1628;S1248-0
S1458;S1249-0
S1509;S1250-0
S2493;S1251-0
S1630;S1252-0
S1508;S1253-0
S2427;S1254-0
S1576;S1255-0
S1462;S1256-0
S1456;S1257-0
S2503;S1258-0
S1420;S1259-0
S1488;S1260-0
S1532;S1261-0
S1510;S1262-0
S2337;S1263-0
S1467;S1264-0
S1459;S1265-0
S1579;S1266-0
S2433;S1267-1
S1442;S1268-1
S1423;S1269-0
S1513;S1270-0
S2374;S1271-0
S1721;S1272-0
S1821;S1273-0
S1422;S1274-0
S2380;S1275-0
S1549;S1276-1
S1385;S1277-0
S0196;S1278-0
S1869;S1279-0
S1477;S1280-0
S1471;S1281-0
S2431;S1282-0
S2340;S1283-0
S1485;S1284-1
S1581;S1285-0
S1551;S1286-0
S1368;S1287-0
S1363;S1288-0
S1362;S1289-0
S2458;S1290-0
S1655;S1291-0
S1453;S1292-0
S1372;S1293-0
S1375;S1294-0
S1521;S1295-0
S1854;S1296-0
S1606;S1297-0
S1538;S1298-0
S1629;S1299-0
S1473;S1300-0
S1990;S1301-0
S2518;S1302-0
S1531;S1303-0
S1702;S1304-0
S1472;S1305-0
S1631;S1306-0
S1498;S1307-0
S1424;S1308-0
S2504;S1309-0
S1661;S1310-0
S1466;S1311-0
S2302;S1312-0
S1543;S1313-0
S1597;S1314-0
S1497;S1315-0
S1544;S1316-0
S2476;S1317-0
S2423;S1318-0
S1457;S1319-0
S1484;S1320-0
S1626;S1321-1
S1406;S1322-0
S1697;S1323-0
S2520;S1324-0
S1533;S1325-0
S1527;S1326-0
S1454;S1327-0
S1483;S1328-0
S1425;S1329-0
S1444;S1330-0
S1546;S1331-0
S1382;S1333-0
S1505;S1334-0
S1460;S1335-0
S1439;S1336-0
S0197;S1337-0
S0198;S1338-0
S1383;S1339-0
S1487;S1340-0
S1512;S1341-0
S1873;S1342-0
S1388;S1343-0
S1394;S1344-1
S1449;S1346-0
S1395;S1347-0
S1407;S1349-0
S1594;S1350-0
S1404;S1351-0
S1403;S1352-0
S1427;S1353-0
S1428;S1354-0
S1429;S1355-0
S1430;S1356-0
S0273;S1357-0
S1568;S1358-0
S0199;S1359-0
S1409;S1360-0
S1412;S1361-0
S2395;S1363-0
S1432;S1364-0
S1455;S1365-0
S1433;S1366-0
S1426;S1367-0
S1434;S1369-0
S1436;S1370-0
S1440;S1371-0
S1469;S1372-0
S1441;S1373-0
S1475;S1374-0
S0275;S1375-0
S1437;S1377-0
S1450;S1378-0
S1448;S1379-0
S0274;S1380-0
S2046;S1381-0
S1447;S1382-0
S1463;S1383-0
S1446;S1384-1
S1465;S1386-0
S1479;S1387-0
S1474;S1388-1
S1480;S1389-0
S1519;S1389-1
S1503;S1390-0
S1481;S1391-0
S1496;S1394-0
S1517;S1396-0
S1518;S1397-0
S1522;S1399-0
S1523;S1400-0
S1524;S1401-0
S1622;S1402-0
S1603;S1403-0
S1577;S1404-0
S1530;S1405-0
S1528;S1406-0
S1571;S1408-0
S1701;S1410-0
S1802;S1411-0
S3565;S1412-0
S1658;S1413-0
S3580;S1414-0
S1832;S1415-0
S2360;S1416-0
S1777;S1417-0
S1742;S1418-0
S3590;S1419-0
S1744;S1420-0
S3594;S1421-0
S1735;S1422-0
S2003;S1423-0
S1574;S1424-0
S1816;S1425-1
S1724;S1427-0
S1662;S1428-0
S1855;S1429-0
S1686;S1430-0
S1738;S1431-0
S3522;S1432-0
S1585;S1433-0
S3711;S1434-0
S1727;S1435-0
S2208;S1436-0
S2300;S1437-1
S1582;S1438-0
S1590;S1439-0
S1604;S1440-0
S3772;S1441-0
S1739;S1442-0
S1833;S1444-0
S1664;S1445-0
S1752;S1446-0
S1804;S1447-0
S2002;S1448-0
S1775;S1449-0
S2830;S1450-0
S1941;S1451-0
S3519;S1452-0
S1882;S1453-0
S2526;S1454-0
S1673;S1455-0
S1799;S1456-0
S1728;S1457-0
S2042;S1458-0
S1879;S1459-0
S3586;S1460-0
S1779;S1461-0
S2006;S1462-0
S2277;S1463-0
S1790;S1464-0
S1746;S1465-0
S2324;S1466-0
S2086;S1467-0
S1750;S1468-0
S3508;S1469-0
S1776;S1470-0
S2306;S1471-0
S1663;S1472-0
S1769;S1474-0
S1831;S1475-0
S2026;S1476-0
S1920;S1477-0
S1835;S1478-0
S1699;S1479-0
S1725;S1480-0
S1660;S1481-0
S1810;S1482-0
S1809;S1483-0
S1811;S1484-0
S1620;S1485-2
S1786;S1486-0
S1700;S1487-0
S3510;S1488-0
S1759;S1489-0
S3599;S1490-0
S3600;S1491-0
S1653;S1492-0
S1675;S1493-0
S1635;S1494-0
S1791;S1495-0
S1495;S1495-5
S2349;S1496-1
S1691;S1497-0
S1592;S1498-0
S2334;S1499-0
S1877;S1500-0
S2207;S1501-0
S3526;S1502-0
S1751;S1503-0
S2687;S1504-0
S2534;S1505-0
S2314;S1506-0
S3492;S1507-0
S3416;S1508-0
S2305;S1509-0
S1760;S1510-0
S1749;S1511-0
S3583;S1512-0
S1743;S1513-0
S3098;S1514-0
S2508;S1515-0
S2007;S1516-0
S2323;S1517-0
S2027;S1518-0
S1834;S1519-0
S3584;S1520-0
S2321;S1521-0
S2311;S1522-0
S2377;S1523-0
S3587;S1524-1
S2319;S1525-0
S3568;S1526-0
S3575;S1527-0
S1893;S1528-1
S1529;S1529-0
S3610;S1529-1
S1883;S1530-0
S1719;S1531-0
S1710;S1533-1
S1733;S1534-0
S1712;S1535-1
S2814;S1536-1
S3486;S1537-1
S1676;S1538-0
S1696;S1539-0
S1731;S1540-0
S1714;S1541-0
S3660;S1542-0
S3664;S1543-0
S3675;S1544-0
S3693;S1545-0
S1698;S1546-0
S2005;S1547-0
S2004;S1548-0
S3643;S1549-0
S2456;S1550-0
S2044;S1551-0
S1754;S1552-0
S1787;S1553-0
S1690;S1554-0
S2362;S1555-0
S3563;S1556-0
S1732;S1557-0
S3050;S1558-0
S2343;S1559-0
S3479;S1560-0
S1717;S1561-0
S1720;S1562-0
S2304;S1563-0
S1846;S1564-0
S1716;S1565-0
S1729;S1566-0
S1636;S1567-0
S1895;S1568-0
S1650;S1569-0
S1679;S1570-0
S1657;S1572-0
S1718;S1573-0
S1891;S1574-0
S2303;S1575-0
S2313;S1576-0
S1572;S1577-0
S1753;S1578-0
S2812;S1579-0
S3719;S1580-1
S1644;S1581-0
S2045;S1582-0
S1692;S1583-0
S2320;S1584-0
S3672;S1585-0
S1593;S1586-0
S1595;S1587-0
S1623;S1588-0
S3547;S1589-0
S1680;S1590-0
S3606;S1591-0
S1708;S1592-0
S1997;S1593-0
S3505;S1594-0
S1704;S1595-0
S1841;S1596-0
S1599;S1597-0
S3598;S1598-0
S1674;S1599-0
S1730;S1600-0
S1709;S1601-0
S1602;S1602-0
S2369;S1602-1
S1713;S1603-0
S3143;S1604-0
S2318;S1605-0
S3698;S1606-0
S1848;S1607-0
S1797;S1608-0
S1798;S1609-0
S3700;S1610-0
S3571;S1611-0
S3688;S1612-0
S2686;S1613-0
S1853;S1614-0
S2297;S1615-0
S1847;S1616-0
S1808;S1617-0
S1734;S1618-0
S1748;S1619-0
S2009;S1620-0
S3564;S1621-0
S3650;S1622-0
S3514;S1623-0
S1865;S1624-0
S1647;S1625-0
S2507;S1626-0
S1652;S1627-0
S2811;S1628-0
S2029;S1629-0
S1656;S1630-0
S2364;S1631-0
S2310;S1632-0
S2346;S1633-0
S3515;S1634-0
S1894;S1635-0
S2808;S1636-0
S1996;S1637-0
S3528;S1638-0
S1638;S1638-1
S2116;S1639-0
S2317;S1640-0
S2036;S1641-0
S1801;S1642-0
S1922;S1643-0
S2283;S1644-0
S2278;S1645-0
S3495;S1646-0
S3629;S1647-0
S1919;S1648-0
S1861;S1649-0
S3749;S1650-0
S1685;S1651-0
S1825;S1652-0
S1534;S1653-0
S1866;S1654-0
S1715;S1655-0
S2338;S1656-0
S1671;S1657-0
S2384;S1658-0
S1693;S1659-0
S1695;S1660-0
S3525;S1661-0
S2834;S1662-0
S3653;S1663-0
S1694;S1664-0
S1605;S1665-0
S1773;S1667-0
S3518;S1668-0
S2206;S1669-0
S3489;S1670-0
S2385;S1671-0
S1800;S1672-0
S1722;S1673-0
S1659;S1674-0
S2505;S1675-0
S1600;S1676-0
S1601;S1677-1
S1706;S1678-0
S3649;S1679-0
S1618;S1680-0
S1845;S1681-0
S1711;S1682-0
S1641;S1683-0
S2671;S1683-1
S2028;S1684-0
S3691;S1685-0
S1687;S1686-0
S3578;S1687-0
S3712;S1688-0
S3755;S1689-0
S2648;S1690-0
S3642;S1691-0
S2125;S1692-0
S1999;S1693-0
S3418;S1694-0
S3644;S1695-0
S1856;S1696-0
S1885;S1697-0
S1783;S1698-0
S1782;S1699-0
S1781;S1700-0
S1785;S1701-0
S1780;S1702-0
S1784;S1703-0
S3699;S1704-0
S1747;S1705-0
S2529;S1706-0
S3684;S1707-0
S3603;S1708-0
S3617;S1709-0
S3582;S1710-0
S3634;S1711-0
S2330;S1712-0
S3589;S1713-0
S1772;S1714-0
S3499;S1715-0
S2530;S1716-0
S3596;S1717-0
S1669;S1718-0
S1668;S1719-0
S3635;S1720-0
S1868;S1721-0
S1667;S1722-0
S1672;S1723-0
S2542;S1724-0
S2355;S1725-0
S2543;S1726-0
S1737;S1727-0
S3109;S1728-0
S3504;S1729-0
S3616;S1730-0
S2001;S1731-0
S3945;S1732-0
S3511;S1733-0
S3478;S1734-0
S2115;S1735-0
S1824;S1736-0
S1723;S1737-0
S1651;S1738-0
S3652;S1739-0
S2043;S1740-0
S1828;S1741-0
S2174;S1742-0
S2296;S1743-0
S1867;S1744-0
S2696;S1745-0
S3585;S1746-0
S2363;S1747-0
S3796;S1748-0
S1851;S1749-0
S2428;S1750-0
S1852;S1751-0
S3633;S1752-0
S3493;S1753-0
S1850;S1754-0
S3655;S1756-0
S3417;S1757-0
S3730;S1758-0
S3676;S1759-0
S3687;S1760-0
S3507;S1761-0
S1609;S1762-0
S1608;S1763-0
S1763;S1763-1
S2455;S1765-0
S1807;S1766-2
S1805;S1767-0
S2329;S1768-0
S3678;S1769-0
S1771;S1770-0
S3679;S1771-0
S3609;S1772-0
S3829;S1773-0
S3647;S1774-0
S3677;S1775-0
S2209;S1776-0
S3680;S1777-0
S1806;S1778-0
S1880;S1779-0
S1681;S1780-0
S1774;S1781-0
S1640;S1782-0
S1726;S1784-1
S3101;S1785-0
S1778;S1786-0
S3523;S1787-0
S1788;S1788-0
S2547;S1788-1
S1878;S1789-1
S1844;S1790-0
S1864;S1791-1
S1839;S1792-0
S2280;S1793-0
S1745;S1794-0
S2513;S1795-0
S3632;S1796-0
S1619;S1797-0
S1826;S1798-0
S1829;S1799-0
S3604;S1800-0
S1621;S1801-0
S1625;S1802-0
S1632;S1803-0
S1881;S1804-0
S1736;S1805-0
S2521;S1807-0
S1645;S1808-0
S1665;S1809-0
S1639;S1810-0
S1634;S1811-0
S1642;S1812-0
S1643;S1813-0
S1646;S1814-0
S1815;S1815-0
S3588;S1815-1
S1683;S1816-0
S1670;S1817-0
S1688;S1818-0
S1684;S1819-0
S0277;S1820-0
S1689;S1821-0
S1820;S1822-0
S1765;S1823-1
S1770;S1824-0
S1707;S1825-0
S1705;S1826-0
S1761;S1827-0
S1827;S1827-2
S1756;S1828-0
S1740;S1829-0
S1757;S1830-0
S1762;S1831-0
S1792;S1835-0
S3512;S1836-1
S2322;S1837-0
S3790;S1838-0
S4003;S1839-0
S3597;S1840-0
S1840;S1841-0
S1842;S1842-0
S4060;S1842-1
S3884;S1843-0
S4000;S1844-1
S3487;S1845-1
S3938;S1846-1
S3865;S1847-0
S5139;S1847-1
S1803;S1848-0
S1812;S1849-0
S3807;S1850-0
S3810;S1851-0
S2434;S1852-0
S2435;S1853-0
S2424;S1854-0
S2436;S1855-0
S3607;S1856-0
S3767;S1857-0
S4005;S1858-0
S2437;S1859-0
S3763;S1860-0
S3732;S1861-0
S3670;S1862-0
S3704;S1863-0
S2372;S1864-0
S3517;S1865-0
S3685;S1866-0
S3752;S1867-0
S3695;S1868-0
S2545;S1869-0
S3729;S1870-0
S3731;S1871-0
S1796;S1872-0
S1814;S1873-0
S0278;S1874-0
S1823;S1876-0
S3659;S1877-0
S3832;S1878-0
S4106;S1879-0
S3714;S1880-0
S2531;S1881-0
S4041;S1882-0
S3788;S1883-0
S1858;S1884-0
S1859;S1885-0
S1860;S1886-0
S2652;S1887-0
S4023;S1888-0
S2368;S1889-0
S1849;S1890-0
S1857;S1891-1
S2371;S1892-0
S3671;S1893-0
S3892;S1894-0
S3891;S1895-0
S1863;S1896-0
S3793;S1897-0
S3734;S1898-0
S1875;S1899-0
S1862;S1900-0
S1870;S1901-0
S3639;S1902-0
S1871;S1902-2
S3662;S1903-0
S2524;S1905-0
S2523;S1906-0
S2525;S1907-0
S1884;S1908-0
S2039;S1909-0
S2040;S1910-0
S2041;S1911-0
S2294;S1912-0
S2037;S1913-0
S2038;S1914-0
S2012;S1915-0
S2013;S1916-0
S4038;S1917-1
S4009;S1918-0
S2014;S1920-0
S2015;S1921-0
S1896;S1922-0
S1897;S1923-0
S2010;S1924-0
S4046;S1926-1
S4048;S1927-0
S2491;S1928-0
S2017;S1929-0
S3913;S1930-0
S3897;S1931-0
S2309;S1932-0
S3852;S1933-0
S2018;S1934-0
S2019;S1935-0
S2020;S1936-0
S2021;S1937-0
S2022;S1938-0
S3539;S1939-0
S1888;S1940-0
S1898;S1941-0
S3794;S1942-0
S2651;S1943-0
S3853;S1944-0
S2370;S1945-0
S3484;S1946-1
S2135;S1948-0
S2136;S1949-0
S2137;S1950-0
S2138;S1951-0
S2032;S1952-0
S2031;S1953-0
S2033;S1954-0
S2034;S1955-0
S3665;S1956-0
S3713;S1957-0
S3726;S1958-0
S3105;S1959-0
S4413;S1960-0
S2035;S1961-0
S4035;S1962-0
S3860;S1963-0
S4006;S1964-0
S4025;S1965-0
S2367;S1966-0
S3721;S1967-0
S3856;S1968-0
S4107;S1969-0
S3840;S1970-1
S2126;S1971-0
S2127;S1972-0
S3866;S1973-0
S2129;S1974-0
S2130;S1975-0
S2131;S1976-0
S2132;S1977-0
S2134;S1978-0
S2133;S1979-0
S2139;S1980-0
S2050;S1981-0
S2051;S1982-0
S2052;S1983-0
S2053;S1984-0
S2054;S1985-0
S2055;S1986-0
S3936;S1987-0
S3858;S1988-0
S2047;S1989-0
S2048;S1990-0
S2049;S1991-0
S1899;S1992-0
S1900;S1993-0
S1903;S1994-0
S1902;S1995-0
S1904;S1997-0
S1905;S1998-0
S1906;S1999-0
S1907;S2000-0
S1908;S2001-0
S1909;S2002-0
S3948;S2003-1
S2219;S2004-0
S2218;S2005-0
S1892;S2006-0
S2153;S2007-0
S1910;S2008-0
S1911;S2009-0
S1912;S2010-0
S2210;S2011-0
S2259;S2012-1
S2260;S2013-1
S2261;S2014-0
S2262;S2015-0
S2263;S2016-1
S2264;S2017-2
S2265;S2018-1
S2253;S2019-0
S2254;S2020-0
S2255;S2021-0
S2256;S2022-0
S2250;S2023-0
S2251;S2024-0
S2522;S2025-0
S2257;S2026-0
S2258;S2027-0
S3836;S2028-0
S2550;S2029-0
S3683;S2030-0
S2204;S2031-0
S2205;S2032-0
S2193;S2034-0
S2194;S2035-0
S2195;S2036-0
S2196;S2037-0
S2197;S2038-0
S2175;S2039-0
S2176;S2040-0
S2177;S2041-0
S3878;S2042-0
S2179;S2043-0
S3916;S2044-0
S4037;S2045-0
S2182;S2046-0
S2183;S2047-0
S2184;S2048-0
S2185;S2049-0
S2186;S2050-0
S2187;S2051-0
S2188;S2052-0
S2189;S2053-0
S2190;S2054-0
S2191;S2055-0
S2198;S2056-0
S2199;S2057-0
S2200;S2058-0
S2201;S2059-0
S2202;S2060-0
S2203;S2061-0
S2008;S2062-1
S3481;S2063-1
S2140;S2064-0
S2141;S2065-0
S2142;S2066-0
S2143;S2067-0
S2144;S2068-0
S2145;S2069-0
S2146;S2070-0
S2147;S2071-0
S2148;S2072-0
S2149;S2073-0
S2151;S2075-0
S2152;S2076-0
S2224;S2077-0
S2225;S2078-0
S2226;S2079-0
S2227;S2080-0
S2519;S2082-0
S3705;S2083-0
S3808;S2084-0
S3922;S2085-0
S2672;S2086-0
S1938;S2087-0
S1939;S2088-0
S1940;S2089-0
S2215;S2090-0
S2216;S2091-0
S2212;S2092-0
S2213;S2093-0
S2214;S2094-0
S3930;S2095-0
S2220;S2096-0
S2221;S2097-0
S2222;S2098-0
S2217;S2099-0
S0279;S2100-0
S2211;S2101-0
S2242;S2102-0
S2243;S2103-0
S2244;S2104-0
S2245;S2105-0
S2239;S2106-0
S2240;S2107-0
S2241;S2108-0
S2230;S2109-0
S2231;S2110-0
S2232;S2111-0
S2233;S2112-0
S2234;S2113-0
S2235;S2114-0
S2236;S2115-0
S2237;S2116-0
S2238;S2117-0
S2229;S2118-0
S2228;S2119-0
S2247;S2121-0
S2248;S2122-0
S2249;S2123-0
S2060;S2124-0
S2594;S2125-0
S3921;S2125-1
S3925;S2126-0
S4010;S2127-0
S3806;S2128-0
S3834;S2129-0
S3569;S2130-0
S3494;S2131-0
S3802;S2132-0
S2495;S2133-0
S3894;S2134-0
S3766;S2135-0
S3850;S2136-0
S3963;s2137-0
S3869;S2138-0
S3918;S2139-0
S3768;S2140-0
S3480;S2141-0
S1998;S2142-0
S4332;S2142-1
S3944;S2143-0
S1813;S2144-1
S2538;S2145-0
S1987;S2148-0
S1988;S2149-0
S2150;S2150-0
S1989;S2150-1
S2425;S2151-0
S2267;S2152-0
S3618;S2153-0
S3682;S2154-0
S3756;S2155-0
S3939;S2156-0
S2351;S2157-0
S3748;S2158-0
S3529;S2159-0
S3577;S2160-0
S2159;S2161-0
S2160;S2162-0
S2161;S2163-0
S2162;S2164-0
S2163;S2165-0
S2164;S2166-0
S2165;S2167-0
S2166;S2168-0
S2167;S2169-0
S2168;S2170-0
S2169;S2171-0
S2170;S2172-0
S2171;S2173-0
S2156;S2174-0
S2157;S2175-0
S2158;S2176-0
S2030;S2177-0
S2154;S2178-0
S2155;S2179-0
S1981;S2180-1
S1983;S2181-1
S1984;S2183-0
S1985;S2184-0
S1976;S2185-0
S1977;S2186-0
S1978;S2187-0
S1979;S2188-0
S1980;S2189-1
S1994;S2190-0
S1995;S2191-0
S1986;S2192-0
S2172;S2193-0
S2173;S2194-0
S1992;S2195-0
S1993;S2196-0
S3778;S2197-1
S1952;S2198-0
S1970;S2199-0
S1971;S2200-0
S1972;S2201-0
S3842;S2202-0
S1974;S2203-0
S1975;S2204-0
S1967;S2205-0
S1968;S2206-0
S1969;S2207-0
S2366;S2208-0
S3990;S2209-0
S1943;S2210-1
S2379;S2211-0
S1945;S2212-0
S1946;S2213-0
S1947;S2214-0
S1964;S2215-0
S1965;S2216-0
S1966;S2217-0
S1961;S2218-0
S1962;S2219-0
S1963;S2220-0
S1953;S2221-0
S1954;S2222-0
S1955;S2223-0
S1956;S2224-0
S1957;S2225-0
S1958;S2226-0
S1959;S2227-0
S1960;S2228-0
S1948;S2229-0
S2074;S2230-0
S1949;S2230-1
S1950;S2231-0
S1915;S2232-0
S2056;S2233-0
S2057;S2234-0
S2058;S2235-0
S3628;S2236-0
S3830;S2237-0
S1930;S2238-0
S1931;S2239-0
S3513;S2240-1
S3880;S2241-0
S3791;S2242-0
S1951;S2243-0
S2223;S2243-1
S3931;S2244-0
S1932;S2245-0
S2059;S2246-0
S2501;S2247-0
S2815;S2248-0
S2457;S2249-0
S3651;S2250-0
S3798;S2251-0
S3816;S2252-0
S3937;S2253-0
S2535;S2254-0
S1926;S2255-0
S1927;S2256-0
S1928;S2257-0
S1929;S2258-0
S1933;S2259-0
S1934;S2260-0
S1935;S2261-0
S1936;S2262-0
S1924;S2263-0
S1925;S2264-0
S1937;S2265-0
S2099;S2266-0
S2100;S2267-0
S2023;S2268-0
S2106;S2269-0
S2107;S2270-0
S2108;S2271-0
S2109;S2272-0
S2110;S2273-0
S2111;S2274-0
S2112;S2275-0
S2113;S2276-0
S2101;S2277-0
S2102;S2278-0
S2103;S2279-0
S2279;S2279-1
S2104;S2280-0
S2091;S2281-0
S2904;S2281-1
S2281;S2281-2
S2092;S2282-0
S2093;S2283-0
S2094;S2284-0
S2095;S2285-0
S2096;S2286-0
S2097;S2287-0
S2098;S2288-0
S2090;S2289-1
S2065;S2290-0
S2061;S2291-0
S2062;S2292-0
S2063;S2293-0
S2064;S2294-0
S2069;S2295-0
S2295;S2295-2
S2070;S2296-11
S2071;S2297-0
S2072;S2298-0
S2073;S2299-0
S2114;S2301-0
S2066;S2302-0
S2067;S2303-0
S2068;S2304-0
S2117;S2305-0
S2118;S2306-0
S2122;S2307-0
S2121;S2308-0
S2120;S2309-0
S2085;S2310-0
S2087;S2311-0
S2088;S2312-0
S2089;S2313-0
S2123;S2315-0
S2075;S2316-0
S2076;S2317-0
S2077;S2318-0
S2078;S2319-0
S2079;S2320-0
S2246;S2320-1
S2080;S2321-0
S3581;S2322-0
S2082;S2323-0
S2083;S2324-0
S2084;S2325-0
S2268;S2326-0
S2269;S2327-0
S2270;S2328-0
S2287;S2329-0
S2288;S2330-0
S2289;S2331-0
S2290;S2332-0
S2284;S2334-0
S2285;S2335-0
S2286;S2336-0
S2292;S2336-1
S2282;S2337-0
S2291;S2338-0
S2293;S2340-0
S2271;S2341-0
S2272;S2342-0
S2273;S2343-0
S2274;S2344-0
S2275;S2345-0
S2276;S2346-0
S2124;S2347-0
S1921;S2348-0
S1917;S2349-0
S2011;S2350-0
S2432;S2351-0
S2025;S2354-0
S3799;S2355-0
S3928;S2356-0
S2381;S2357-0
S3533;S2358-0
S3780;S2359-0
S2502;S2360-0
S2807;S2361-0
S2803;S2362-0
S2376;S2363-2
S3502;S2364-0
S2358;S2365-0
S2537;S2366-0
S4052;S2367-0
S2705;S2368-0
S4004;S2369-0
S2813;S2370-0
S3761;S2371-0
S2315;S2375-0
S2307;S2376-0
S2308;S2377-0
S2344;S2378-0
S2325;S2379-0
S2299;S2381-0
S2327;S2383-0
S2326;S2384-0
S1741;S2386-0
S3715;S2387-0
S2331;S2388-1
S2332;S2389-0
S3765;S2391-0
S3573;S2392-0
S2335;S2393-0
S2333;S2394-0
S2353;S2395-0
S2352;S2396-0
S2354;S2397-0
S2342;S2398-0
S2336;S2399-0
S0280;S2400-0
S2348;S2401-0
S2359;S2403-0
S2345;S2404-0
S2347;S2405-0
S2341;S2406-0
S2356;S2407-0
S2373;S2408-1
S2378;S2409-0
S2361;S2411-0
S2312;S2412-0
S2382;S2415-0
S3775;S2416-0
S2421;S2417-0
S2393;S2418-0
S2394;S2419-0
S2388;S2420-0
S2389;S2421-0
S2390;S2422-0
S2387;S2423-0
S2391;S2424-0
S0294;S2425-0
S2422;S2426-0
S2467;S2427-1
S2468;S2429-0
S2469;S2430-0
S3131;S2430-1
S2470;S2431-0
S2471;S2432-0
S2472;S2433-0
S2473;S2434-0
S2474;S2435-0
S2475;S2436-0
S2806;S2437-0
S2438;S2438-0
S2439;S2439-0
S2440;S2440-0
S2441;S2441-0
S2442;S2442-0
S2443;S2443-0
S2444;S2444-0
S2445;S2445-0
S2446;S2446-0
S2447;S2447-0
S2448;S2448-0
S2449;S2449-0
S2479;S2450-0
S2481;S2452-0
S2482;S2453-0
S2483;S2454-0
S2484;S2455-0
S2485;S2456-0
S2487;S2458-0
S2450;S2460-0
S2451;S2462-0
S2489;S2463-0
S2452;S2464-0
S3567;S2465-0
S3751;S2466-0
S3566;S2467-0
S4375;S2468-0
S3531;S2469-0
S3619;S2470-0
S2459;S2471-0
S2460;S2472-0
S2461;S2473-0
S4601;S2474-0
S2464;S2475-0
S2465;S2477-0
S2466;S2478-0
S2426;S2479-0
S2903;S2480-1
S2905;S2482-0
S2906;S2483-0
S2918;S2484-0
S2917;S2485-0
S2919;S2486-0
S2486;S2486-1
S2880;S2487-0
S2488;S2488-0
S2881;S2488-2
S2882;S2489-0
S0287;S2490-0
S2490;S2490-1
S2883;S2491-1
S2884;S2492-0
S2913;S2493-1
S2914;S2494-0
S2915;S2495-1
S2916;S2496-0
S2912;S2497-1
S2911;S2498-0
S2907;S2499-0
S2908;S2500-0
S2910;S2502-0
S2901;S2503-0
S2902;S2504-0
S2888;S2505-0
S2889;S2506-0
S2886;S2507-0
S2890;S2508-0
S2891;S2509-0
S2892;S2510-0
S2893;S2511-0
S2895;S2513-0
S2896;S2514-0
S2897;S2515-0
S2898;S2516-0
S2899;S2517-0
S2900;S2518-0
S2887;S2519-0
S2885;S2521-0
S3095;S2522-0
S3142;S2523-0
S3125;S2524-0
S3126;S2525-0
S3127;S2526-0
S3128;S2527-0
S3130;S2529-0
S3092;S2531-0
S0286;S2533-0
S0282;S2534-0
S2506;S2535-0
S0285;S2536-0
S2805;S2538-0
S2477;S2539-0
S2656;S2540-0
S2804;S2541-0
S2492;S2542-0
S3601;S2545-0
S0283;S2545-1
S2826;S2546-0
S2827;S2547-0
S2828;S2548-0
S2829;S2549-0
S2817;S2550-0
S2818;S2551-0
S2819;S2552-0
S2820;S2553-1
S2821;S2554-1
S2822;S2555-0
S2823;S2556-1
S2824;S2557-1
S2809;S2558-0
S2825;S2558-2
S2810;S2560-0
S2499;S2561-0
S2655;S2562-0
S2515;S2563-0
S4205;S2564-0
S4201;S2565-0
S3835;S2566-0
S4270;S2567-0
S3926;S2568-0
S4112;S2569-0
S3576;S2570-0
S3702;S2571-0
S3895;S2572-0
S4122;S2573-0
S4070;S2574-0
S4057;S2575-1
S2463;S2575-5
S4100;S2576-0
S3718;S2577-0
S3950;S2578-0
S3110;S2579-0
S2629;S2580-0
S2630;S2581-0
S2631;S2582-1
S4015;S2583-0
S2632;S2584-0
S3623;S2585-0
S2783;S2586-0
S4008;S2587-0
S2785;S2588-0
S2786;S2589-0
S2787;S2590-0
S2788;S2591-0
S2789;S2592-0
S2790;S2593-0
S2791;S2594-0
S2792;S2595-0
S2793;S2596-0
S2794;S2597-0
S2795;S2598-0
S2796;S2599-0
S2797;S2600-0
S2798;S2601-0
S2192;S2602-0
S2799;S2602-1
S2800;S2603-0
S2802;S2605-0
S2633;S2606-0
S2634;S2607-0
S2635;S2608-0
S2637;S2610-0
S2638;S2611-0
S2639;S2612-0
S2640;S2613-0
S2642;S2615-0
S2643;S2616-0
S2644;S2617-0
S2646;S2619-0
S2540;S2620-0
S2516;S2621-0
S2780;S2622-0
S4090;S2623-1
S2782;S2624-1
S2657;S2625-0
S2658;S2626-0
S2659;S2627-0
S2660;S2628-0
S2661;S2629-0
S2662;S2630-0
S2663;S2631-0
S2616;S2632-0
S2617;S2633-0
S2624;S2634-0
S2625;S2635-0
S4040;S2636-0
S2636;S2636-1
S2627;S2637-0
S2628;S2638-0
S2618;S2639-0
S2619;S2640-0
S2641;S2641-0
S2620;S2641-1
S2621;S2642-0
S2622;S2643-0
S2623;S2644-0
S3861;S2645-0
S2645;S2645-1
S2549;S2646-0
S2510;S2647-0
S2572;S2648-0
S2573;S2649-0
S2574;S2650-0
S2575;S2651-0
S2576;S2652-0
S2577;S2653-0
S2578;S2654-0
S2579;S2655-0
S2580;S2656-0
S2581;S2657-0
S2582;S2658-0
S2583;S2659-0
S2584;S2660-0
S2585;S2661-0
S2586;S2662-0
S2607;S2663-0
S2609;S2665-0
S2610;S2666-0
S2611;S2667-0
S2612;S2668-0
S2613;S2669-0
S2614;S2670-0
S2615;S2671-0
S2598;S2672-0
S2597;S2673-0
S2602;S2674-0
S2603;S2675-0
S2604;S2676-0
S2605;S2677-0
S2606;S2678-0
S2599;S2679-0
S2600;S2680-0
S2601;S2681-0
S4260;S2682-0
S2511;S2683-0
S0297;S2684-0
S3363;S2685-0
S3364;S2686-0
S4097;S2687-0
S3366;S2688-0
S3367;S2689-0
S3368;S2690-0
S3369;S2691-0
S3370;S2692-0
S3657;S2693-0
S3017;S2694-0
S3018;S2695-0
S3019;S2696-1
S3020;S2697-0
S3021;S2698-0
S3022;S2699-0
S3023;S2700-0
S3024;S2701-0
S3025;S2702-0
S3026;S2703-0
S3027;S2704-0
S3028;S2705-0
S3030;S2707-0
S3303;S2708-0
S3304;S2709-0
S3305;S2710-0
S3306;S2711-0
S3307;S2712-0
S3308;S2713-0
S3309;S2714-0
S3310;S2715-0
S3311;S2716-0
S3312;S2717-0
S2587;S2718-1
S3753;S2718-2
S2588;S2719-0
S2589;S2720-0
S2590;S2721-0
S2591;S2722-0
S2592;S2723-0
S2593;S2724-0
S2595;S2726-0
S2596;S2727-0
S2551;S2728-0
S2552;S2729-0
S2553;S2730-0
S2554;S2731-0
S2555;S2732-0
S2556;S2733-0
S2557;S2734-0
S2558;S2735-0
S2559;S2736-0
S2560;S2737-0
S2737;S2737-1
S2561;S2738-0
S2562;S2739-0
S2563;S2740-0
S2564;S2741-1
S2565;S2742-0
S2566;S2743-0
S2744;S2744-0
S2567;S2744-1
S2568;S2745-0
S2569;S2746-0
S2570;S2747-0
S2571;S2748-0
S3323;S2749-0
S3324;S2750-0
S3326;S2752-0
S3327;S2753-0
S3328;S2754-0
S3329;S2755-0
S3330;S2756-0
S3475;S2757-0
S3476;S2758-0
S3396;S2760-0
S3397;S2761-0
S2936;S2762-0
S2937;S2763-0
S2938;S2764-0
S2939;S2765-0
S2940;S2766-0
S2941;S2767-0
S2942;S2768-0
S2943;S2769-0
S2944;S2770-0
S2945;S2771-0
S2946;S2772-0
S2947;S2773-0
S2948;S2774-0
S2949;S2775-0
S2950;S2776-0
S2951;S2777-0
S2952;S2778-0
S2953;S2779-0
S2954;S2780-0
S2955;S2781-0
S2921;S2782-0
S2922;S2783-0
S2923;S2784-0
S2924;S2785-0
S2925;S2786-0
S2926;S2787-0
S2927;S2788-0
S2928;S2789-0
S2929;S2790-0
S2930;S2791-0
S2931;S2792-0
S2932;S2793-0
S2933;S2794-0
S2934;S2795-0
S3340;S2796-0
S3341;S2797-0
S3342;S2798-0
S3343;S2799-0
S3344;S2800-0
S3345;S2801-0
S2801;S2801-5
S3346;S2802-0
S2688;S2803-0
S3383;S2804-1
S3384;S2805-1
S3385;S2806-0
S3386;S2807-0
S3728;S2808-1
S3388;S2809-1
S3389;S2810-1
S3390;S2811-1
S3391;S2812-1
S3393;S2814-0
S3394;S2815-1
S3395;S2816-0
S3398;S2816-1
S3399;S2817-0
S3400;S2818-1
S3401;S2819-0
S3402;S2820-1
S3403;S2821-0
S3614;S2822-0
S3473;S2823-1
S3474;S2824-0
S3472;S2825-0
S3331;S2826-0
S3332;S2827-0
S3333;S2828-1
S3334;S2829-1
S3335;S2830-1
S3336;S2831-0
S3337;S2832-1
S3338;S2833-1
S3339;S2834-0
S3313;S2835-0
S3314;S2836-0
S3315;S2837-0
S3316;S2838-0
S3317;S2839-0
S3318;S2840-0
S4103;S2841-0
S3320;S2842-0
S3321;S2843-0
S3322;S2844-0
S3392;S2845-1
S3374;S2846-0
S3375;S2847-0
S3376;S2848-0
S3377;S2849-0
S3378;S2850-0
S3379;S2851-0
S3380;S2852-0
S3381;S2853-0
S3382;S2854-0
S3347;S2855-0
S3348;S2856-0
S3094;S2857-0
S3349;S2858-0
S3350;S2859-0
S3351;S2860-0
S3352;S2861-0
S3353;S2862-0
S3354;S2863-0
S3203;S2864-0
S3204;S2865-0
S3205;S2866-0
S3206;S2867-0
S3207;S2868-0
S3208;S2869-0
S3209;S2870-0
S3099;S2871-0
S3212;S2872-0
S3213;S2873-0
S3214;S2874-0
S3215;S2875-0
S3216;S2876-0
S2877;S2877-0
S3217;S2877-1
S3218;S2878-0
S3219;S2879-0
S4228;S2880-0
S4229;S2881-0
S4126;S2882-0
S4230;S2883-0
S4231;S2884-0
S4234;S2885-0
S4233;S2886-0
S4232;S2887-0
S4235;S2888-0
S4167;S2889-0
S4322;S2890-0
S4152;S2891-0
S4095;S2892-0
S3613;S2893-0
S2894;S2894-0
S4206;S2894-1
S3875;S2895-0
S3192;S2896-0
S3193;S2897-0
S3194;S2898-0
S3195;S2899-0
S3196;S2900-0
S3197;S2901-0
S3198;S2902-0
S3199;S2903-0
S3200;S2904-0
S3201;S2905-0
S3202;S2906-0
S3371;S2907-0
S3372;S2908-0
S3373;S2909-0
S2909;S2909-2
S2866;S2910-0
S4115;S2911-0
S2956;S2912-0
S2957;S2913-0
S2958;S2914-0
S2959;S2915-0
S2960;S2916-0
S2961;S2917-0
S2962;S2918-0
S2963;S2919-0
S2964;S2920-0
S2965;S2921-0
S2966;S2922-0
S2967;S2923-0
S2968;S2924-0
S2969;S2925-0
S2970;S2926-0
S2971;S2927-0
S2972;S2928-0
S2973;S2929-0
S2974;S2930-0
S2975;S2931-0
S2976;S2932-0
S2977;S2933-0
S2978;S2934-0
S2979;S2935-0
S3716;S2936-0
S3545;S2937-0
S3355;S2938-0
S3356;S2939-0
S3357;S2940-0
S3358;S2941-0
S3359;S2942-0
S3360;S2943-0
S3361;S2944-0
S3362;S2945-0
S2998;S2946-0
S2999;S2947-0
S3738;S2948-0
S3001;S2949-0
S3002;S2950-0
S3003;S2951-0
S3004;S2952-0
S3005;S2953-0
S3006;S2954-0
S3007;S2955-0
S3008;S2956-0
S3009;S2957-0
S3010;S2958-0
S3011;S2959-0
S3012;S2960-0
S3013;S2961-0
S3014;S2962-0
S3015;S2963-0
S4189;S2964-0
S3762;S2965-0
S3574;S2966-0
S4089;S2967-0
S4059;S2968-0
S3779;S2969-0
S4178;S2970-0
S3626;S2971-0
S4410;S2972-0
S4269;S2973-0
S4337;S2974-0
S3855;S2975-0
S3281;S2977-0
S3282;S2978-0
S3283;S2979-0
S3284;S2980-0
S3285;S2981-0
S3286;S2982-0
S3287;S2983-0
S3288;S2984-0
S3289;S2985-0
S3269;S2986-0
S3270;S2987-0
S3271;S2988-0
S3272;S2989-0
S3273;S2990-0
S3274;S2991-0
S3275;S2992-0
S3278;S2993-0
S3279;S2994-0
S1901;S2994-1
S3280;S2995-0
S3290;S2996-0
S3277;S2996-1
S3291;S2997-0
S3292;S2998-0
S3293;S2999-0
S3294;S3000-0
S3295;S3001-0
S3296;S3002-0
S3297;S3003-0
S3298;S3004-0
S3299;S3005-0
S3261;S3006-0
S3262;S3007-0
S3263;S3008-0
S3264;S3009-0
S3265;S3010-0
S3266;S3011-0
S3267;S3012-0
S3872;S3013-0
S3276;S3014-0
S3300;S3015-0
S3301;S3016-0
S3112;S3017-0
S3302;S3018-0
S3256;S3019-0
S3257;S3020-0
S3258;S3021-0
S3259;S3022-0
S3260;S3023-0
S4051;S3024-0
S3242;S3025-0
S3243;S3026-0
S3244;S3027-0
S3245;S3028-0
S3246;S3029-0
S3247;S3030-0
S3248;S3031-0
S3419;S3032-0
S3420;S3033-0
S3421;S3034-0
S3135;S3035-0
S3422;S3036-0
S3428;S3037-0
S3429;S3038-0
S3430;S3039-0
S3411;S3040-0
S3412;S3041-0
S3413;S3042-0
S3439;S3043-0
S3440;S3044-0
S3431;S3045-0
S3432;S3046-0
S3433;S3047-0
S3434;S3048-0
S3435;S3049-0
S3436;S3050-0
S3113;S3051-0
S3114;S3052-0
S3115;S3053-0
S3116;S3054-0
S4105;S3055-0
S3118;S3056-0
S3119;S3057-0
S3120;S3058-0
S3121;S3059-0
S3122;S3060-0
S3123;S3061-0
S3124;S3062-0
S3615;S3063-0
S3727;S3064-0
S4214;S3065-0
S4267;S3066-0
S2920;S3067-0
S3696;S3068-0
S3781;S3069-0
S4155;S3070-0
S3570;S3071-0
S4102;S3072-0
S4268;S3073-0
S4220;S3074-0
S1654;S3075-0
S2858;S3076-0
S2859;S3077-0
S2860;S3078-0
S2861;S3079-0
S2862;S3080-0
S2863;S3081-0
S3562;S3082-0
S2836;S3083-0
S2837;S3084-0
S2838;S3085-0
S2839;S3086-0
S2840;S3087-0
S2841;S3088-0
S2842;S3089-0
S2843;S3090-0
S2844;S3091-0
S2845;S3092-0
S4312;S3093-0
S2847;S3094-0
S2848;S3095-0
S2849;S3096-0
S2850;S3097-0
S2851;S3098-0
S2852;S3099-0
S2853;S3100-0
S2854;S3101-0
S2855;S3102-0
S2856;S3103-0
S2857;S3104-0
S3467;S3105-0
S3249;S3106-0
S3250;S3107-0
S3107;S3107-1
S3251;S3108-0
S3252;S3109-0
S3253;S3110-0
S3254;S3111-0
S3255;S3112-0
S3530;S3113-0
S3572;S3114-0
S4118;S3115-0
S4043;S3116-0
S3441;S3117-0
S3442;S3118-0
S3423;S3119-0
S3424;S3120-0
S3425;S3121-0
S3426;S3122-0
S3427;S3123-0
S3167;S3124-0
S3168;S3125-0
S3169;S3126-0
S3170;S3127-0
S3171;S3128-0
S3172;S3129-0
S3129;S3129-1
S3173;S3130-0
S3174;S3131-0
S3468;S3132-0
S3175;S3133-0
S3176;S3134-0
S3177;S3135-0
S3178;S3136-0
S3179;S3137-0
S3180;S3138-0
S3181;S3139-0
S3182;S3140-0
S3158;S3141-0
S3159;S3142-0
S3160;S3143-0
S3161;S3144-0
S3162;S3145-0
S3163;S3146-0
S3164;S3147-0
S3165;S3148-0
S3166;S3149-0
S3132;S3150-0
S3133;S3151-0
S3134;S3152-0
S3102;S3153-0
S3136;S3154-0
S3137;S3155-0
S3138;S3156-0
S3139;S3157-0
S3140;S3158-0
S3141;S3159-0
S3443;S3160-0
S2675;S3161-0
S2676;S3162-0
S2674;S3163-0
S3690;S3164-0
S4181;S3165-0
S4001;S3166-0
S3805;S3167-0
S3707;S3168-0
S3211;S3169-0
S3611;S3170-0
S3820;S3171-0
S3560;S3172-0
S3739;S3173-0
S4377;S3174-0
S3466;S3175-0
S3622;S3176-0
S3561;S3177-0
S2654;S3178-1
S2653;S3179-0
S3145;S3180-0
S4360;S3181-0
S4289;S3182-0
S3437;S3183-0
S3438;S3184-0
S3927;S3185-0
S3444;S3186-0
S3445;S3187-0
S3465;S3188-0
S3464;S3189-2
S3900;S3190-1
S3935;S3191-0
S4379;S3192-0
S4280;S3193-0
S4143;S3194-0
S3463;S3195-0
S4061;S3197-0
S3668;S3198-0
S3877;S3199-0
S4192;S3199-1
S4313;S3200-0
S4333;S3201-0
S4602;S3202-0
S3608;S3203-0
S3612;S3204-0
S3737;S3205-0
S4314;S3206-0
S4325;S3207-0
S3654;S3208-0
S3470;S3209-0
S4311;S3210-0
S4279;S3211-0
S4082;S3212-0
S3828;S3213-0
S3686;S3214-0
S3998;S3215-0
S4174;S3216-0
S4199;S3217-0
S3786;S3218-0
S4323;S3219-0
S4216;S3220-0
S4359;S3221-0
S4343;S3222-0
S3595;S3223-0
S3593;S3224-0
S4401;S3225-0
S3864;S3226-0
S3857;S3227-0
S4288;S3228-0
S4187;S3229-0
S4579;S3230-0
S4415;S3231-0
S3231;S3231-1
S3902;S3232-0
S3689;S3233-0
S4225;S3234-0
S3818;S3235-0
S3658;S3236-0
S4485;S3237-0
S3520;S3238-0
S4124;S3239-0
S4148;S3240-0
S3750;S3241-0
S3851;S3242-0
S3692;S3243-0
S4455;S3244-0
S3723;S3245-0
S4185;S3246-0
S3813;S3247-0
S4177;S3248-3
S3089;S3249-0
S3090;S3250-0
S3091;S3251-0
S2753;S3252-0
S2754;S3253-0
S2755;S3254-2
S2756;S3255-0
S2757;S3256-0
S2758;S3257-0
S2759;S3258-0
S2760;S3259-0
S2761;S3260-0
S2762;S3261-0
S2763;S3262-0
S2764;S3263-0
S2765;S3264-0
S2766;S3265-0
S2767;S3266-0
S2768;S3267-0
S2769;S3268-0
S2770;S3269-0
S2771;S3270-0
S2772;S3271-0
S2773;S3272-0
S2774;S3273-0
S2775;S3274-0
S2776;S3275-0
S2777;S3276-0
S2664;S3277-0
S2778;S3278-0
S2779;S3279-0
S2864;S3280-0
S2865;S3281-0
s3220;S3282-0
S3221;S3283-0
S3222;S3284-0
S3223;S3285-0
S3224;S3286-0
S3225;S3287-0
S3226;S3288-0
S3228;S3290-0
S3229;S3291-0
S3230;S3292-0
S3232;S3294-0
S3233;S3295-1
S3234;S3296-0
S3235;S3297-0
S3237;S3299-0
S3238;S3300-0
S2879;S3301-0
S3146;S3302-0
S3147;S3303-0
S3148;S3304-0
S3149;S3305-0
S3150;S3306-0
S3151;S3307-0
S0917;S3308-0
S3051;S3309-0
S3052;S3310-0
S3053;S3311-0
S3054;S3312-0
S3055;S3313-0
S3056;S3314-0
S3057;S3315-0
S3058;S3316-0
S3059;S3317-0
S3060;S3318-0
S3061;S3319-0
S3062;S3320-0
S3063;S3321-0
S3064;S3322-0
S3065;S3323-0
S3066;S3324-0
S3152;S3325-0
S3325;S3325-1
S3153;S3326-0
S3873;S3327-0
S3068;S3328-0
S3069;S3329-0
S3070;S3330-0
S3071;S3331-0
S3072;S3332-0
S3073;S3333-0
S3074;S3334-0
S3075;S3335-0
S3453;S3335-1
S3076;S3336-0
S3077;S3337-0
S3078;S3338-0
S3079;S3339-0
S3081;S3341-0
S3082;S3342-0
S3083;S3343-0
S3084;S3344-0
S3085;S3345-0
S3086;S3346-0
S4339;S3347-0
S3154;S3348-0
S3155;S3349-0
S3156;S3350-0
S3157;S3351-0
S3087;S3352-0
S3088;S3353-0
S2749;S3354-0
S2750;S3355-0
S2742;S3356-0
S2751;S3357-0
S2752;S3358-0
S2743;S3359-0
S2745;S3361-0
S2746;S3362-0
S2747;S3363-0
S2748;S3364-0
S2532;S3365-0
S2725;S3366-0
S2739;S3367-0
S2740;S3368-0
S2741;S3369-0
S2736;S3370-0
S2738;S3372-0
S2732;S3373-0
S2733;S3374-0
S2734;S3375-0
S2735;S3376-0
S4487;S3377-0
S2726;S3377-1
S2727;S3378-0
S2728;S3379-0
S2729;S3380-0
S2730;S3381-0
S2731;S3382-0
S3462;S3383-0
S3446;S3384-0
S3447;S3385-0
S3096;S3386-0
S2712;S3387-0
S2713;S3388-0
S2714;S3389-0
S2715;S3390-0
S2716;S3391-0
S2717;S3392-0
S2718;S3393-0
S2719;S3394-0
S2720;S3395-0
S2721;S3396-0
S2722;S3397-0
S2723;S3398-0
S2724;S3399-0
S2706;S3400-0
S2707;S3401-0
S2708;S3402-0
S2709;S3403-0
S2710;S3404-1
S2711;S3405-0
S3461;S3406-0
S4275;S3407-0
S2700;S3408-0
S2701;S3409-0
S2702;S3410-0
S2703;S3411-0
S2704;S3412-0
S2680;S3413-0
S2681;S3414-0
S2682;S3415-0
S2980;S3416-0
S2981;S3417-0
S2982;S3418-0
S2683;S3419-0
S2684;S3420-0
S2685;S3421-0
S2665;S3421-1
S2677;S3422-0
S2678;S3423-0
S2679;S3424-0
S2668;S3425-0
S2669;S3426-0
S2670;S3427-1
S2666;S3428-1
S2667;S3429-0
S4380;S3432-0
S3460;S3433-0
S0284;S3437-0
S3448;S3438-0
S2480;S3438-1
S3450;S3440-0
S3451;S3441-0
S3452;S3442-0
S3459;S3443-0
S3455;S3444-0
S3456;S3445-0
S3458;S3446-0
S3457;S3447-0
S3031;S3448-0
S3032;S3449-0
S3449;S3449-1
S3033;S3450-0
S3034;S3451-0
S3035;S3452-0
S3036;S3453-0
S3037;S3454-0
S3454;S3454-1
S3038;S3455-0
S3039;S3456-0
S3040;S3457-0
S3041;S3458-0
S3042;S3459-0
S3043;S3460-0
S3044;S3461-0
S3045;S3462-0
S3046;S3463-0
S3047;S3464-0
S3048;S3465-0
S3049;S3466-0
S2533;S3467-0
S3471;S3468-0
S3404;S3469-0
S3405;S3470-0
S3406;S3471-0
S3407;S3472-0
S3408;S3473-0
S3183;S3474-0
S3184;S3475-0
S3185;S3476-0
S3186;S3477-0
S3187;S3478-0
S3188;S3479-0
S3189;S3480-0
S3190;S3481-0
S3191;S3482-0
S3409;S3483-0
S3410;S3484-0
S3414;S3485-0
S3415;S3486-0
S2697;S3487-0
S2698;S3488-0
S3801;S3489-0
S2694;S3490-0
S4020;S3491-0
S2647;S3492-0
S2649;S3493-0
S3469;S3494-0
S4151;S3495-0
S4261;S3496-0
S2983;S3497-0
S2984;S3498-0
S2985;S3499-0
S2986;S3500-0
S2987;S3501-0
S2988;S3502-0
S2989;S3503-0
S2990;S3504-0
S2991;S3505-0
S2992;S3506-0
S2993;S3507-0
S2994;S3508-0
S2995;S3509-0
S2996;S3510-0
S2997;S3511-0
S2874;S3512-0
S2875;S3513-0
S2876;S3514-0
S2873;S3515-0
S2867;S3516-0
S4064;S3517-0
S2869;S3518-0
S2870;S3519-0
S2871;S3520-0
S2872;S3521-0
S4135;S3522-0
S3787;S3522-1
S2546;S3523-0
S2693;S3524-0
S2689;S3525-0
S2690;S3526-0
S2691;S3527-0
S2692;S3528-0
S2831;S3529-0
S2699;S3530-0
S4137;S3531-1
S3544;S3533-0
S4121;S3534-0
S2695;S3536-0
S4194;S3536-1
S3536;S3536-2
S4049;S3537-0
S2935;S3538-0
S4395;S3539-0
S2832;S3541-0
S2833;S3542-0
S4321;S3543-0
S3100;S3544-0
S3550;S3545-0
S3503;S3546-0
S3602;S3547-0
S4166;S3548-0
S4164;S3549-0
S3827;S3550-0
S4315;S3551-0
S3847;S3552-0
S3592;S3553-0
S3638;S3554-0
S3097;S3555-0
S2878;S3556-0
S3093;S3557-0
S3106;S3558-0
S4014;S3560-0
S3103;S3561-0
S3104;S3561-1
S3640;S3562-0
S3239;S3564-0
S3108;S3565-0
S3482;S3566-0
S3491;S3568-0
S3483;S3569-0
S1591;S3570-0
S3485;S3571-0
S3993;S3572-0
S3490;S3573-0
S3500;S3574-0
S3735;S3575-0
S4054;S3576-0
S3524;S3577-1
S0289;S3578-0
S3764;S3580-0
S3509;S3581-0
S3534;S3582-0
S0290;S3583-0
S3501;S3584-0
S3535;S3586-0
S3532;S3588-0
S3579;S3589-0
S3546;S3590-0
S3549;S3591-0
S3548;S3592-0
S4556;S3593-0
S0291;S3594-0
S0295;S3595-0
S3630;S3596-0
S3905;S3597-0
S3236;S3598-0
S3624;S3598-1
S4109;S3599-0
S4734;S3600-0
S4735;S3601-0
S4736;S3602-0
S4597;S3603-0
S3631;S3604-0
S3673;S3605-0
S4171;S3606-0
S3387;S3607-0
S4531;S3608-0
S4376;S3609-0
S3817;S3610-0
S4532;S3611-0
S4693;S3612-0
S3889;S3613-0
S3825;S3614-1
S4910;S3615-0
S4911;S3616-0
S4912;S3618-0
S4913;S3619-0
S4914;S3620-0
S3627;S3621-1
S3636;S3623-0
S4388;S3624-0
S4391;S3625-0
S4188;S3626-0
S4385;S3627-0
S4378;S3628-0
S4517;S3629-0
S3800;S3630-0
S3812;S3631-0
S4530;S3632-0
S4101;S3633-0
S4117;S3634-0
S3703;S3636-0
S4091;S3637-0
S4577;S3638-0
S3641;S3639-0
S3648;S3640-0
S4519;S3641-0
S4099;S3642-0
S4156;S3643-0
s4473;S3644-0
S4524;S3645-0
S4562;S3646-0
S4125;S3647-0
S4399;S3648-0
S4129;S3649-0
S4191;S3650-0
S4136;S3651-0
S1991;S3652-0
S3848;S3653-1
S3706;S3654-0
S3701;S3655-0
S3656;S3656-0
S4615;S3656-1
S1982;S3656-2
S3903;S3657-0
S3797;S3658-1
S4384;S3659-0
S4127;S3661-0
S3661;S3661-1
S5243;S3662-0
S4525;S3663-0
S4160;S3664-0
S4526;S3665-0
S4056;S3666-0
S3929;S3667-0
S4527;S3668-0
S4528;S3669-0
S4529;S3670-0
S4422;S3671-0
S4411;S3672-1
S3646;S3673-1
S4157;S3674-0
S4425;S3675-0
S4130;S3676-0
S4760;S3677-0
S4707;S3678-0
S4783;S3679-0
S4353;S3680-0
S4324;S3681-0
S4128;S3682-0
S4078;S3683-0
S4123;S3684-0
S3809;S3685-0
S0293;S3686-0
S3227;S3686-1
S3871;S3687-0
S3831;S3688-0
S4546;S3689-0
S4587;S3690-0
S3901;S3691-0
S3837;S3692-0
S4138;S3693-0
S3876;S3694-0
S3917;S3695-0
S4578;S3696-0
S4550;S3697-0
S3674;S3698-0
S4557;S3699-0
S4548;S3700-0
S4549;S3701-0
S4683;S3702-0
S4478;S3703-1
S4574;S3704-0
S4510;S3705-0
S4475;S3706-0
S4611;S3707-0
S4481;S3708-0
S3912;S3709-0
S4616;S3710-0
S4295;S3711-0
S3742;S3711-1
S4273;S3712-0
S3743;S3712-1
S3740;S3713-0
S3757;S3716-1
S3758;S3717-1
S3759;S3718-1
S3760;S3719-1
S3879;S3720-0
S4184;S3721-0
S3863;S3722-0
S4093;S3723-0
S4533;S3724-0
S4536;S3725-0
S4534;S3726-0
S3741;S3727-0
S3744;S3728-0
S3745;S3729-0
S3746;S3730-0
S4544;S3731-0
S2119;S3732-0
S3747;S3733-0
S3724;S3734-0
S0296;S3735-0
S3681;S3736-0
S4855;S3737-0
S4859;S3738-0
S4732;S3739-0
S3016;S3740-0
S3899;S3742-0
S3845;S3743-0
S3854;S3744-0
S4723;S3745-0
S4737;S3746-0
S4317;S3747-0
S4915;S3748-0
S4640;S3749-0
S4865;S3750-0
S4508;S3751-0
S3932;S3752-0
S4596;S3753-0
S4080;S3754-0
S4044;S3755-1
S4053;S3756-0
S4635;S3757-0
S4153;S3758-0
S4286;S3759-0
S3870;S3760-0
S3923;S3761-0
S3862;S3762-0
S3924;S3763-0
S4111;S3764-0
S4805;S3765-0
S4660;S3766-0
S4715;S3767-0
S4742;S3768-0
S4744;S3769-0
S3919;S3770-0
S3771;S3771-0
S4452;S3771-1
S4027;S3772-0
S4336;S3773-0
S4583;S3774-0
S4547;S3775-0
S4404;S3776-1
S3773;S3777-0
S3785;S3778-0
S3733;S3779-0
S3736;S3780-0
S3770;S3781-0
S4457;S3783-0
S4513;S3784-0
S4477;S3785-0
S3824;S3786-0
S4290;S3787-0
S4168;S3788-0
S3769;S3789-0
S3883;S3790-0
S3789;S3791-0
S3946;S3792-0
S3920;S3793-0
S3754;S3794-0
S3979;S3795-0
S3833;S3796-0
S2781;S3797-0
S3898;S3798-0
S3783;S3799-0
S3784;S3800-0
S4725;S3802-0
S3841;S3803-0
S4582;S3803-1
S3803;S3804-0
S4520;S3805-0
S4521;S3806-0
S4522;S3807-1
S4523;S3808-0
S4149;S3809-0
S4503;S3810-0
S4489;S3813-0
S3814;S3814-0
S4098;S3815-0
S3777;S3816-0
S4310;S3817-0
S4598;S3818-0
S3821;S3819-0
S4634;S3820-0
S4211;S3821-0
S3792;S3822-0
S4170;S3823-0
S4630;S3824-0
S2000;S3825-0
S3819;S3826-0
S3839;S3827-0
S3843;S3828-0
S3846;S3829-0
S4745;S3830-0
S4603;S3831-0
S3947;S3832-0
S4165;S3833-0
S3996;S3834-0
S4609;S3835-0
S4448;S3836-0
S3822;S3837-0
S4318;S3838-0
S4357;S3839-1
S3795;S3840-0
S4081;S3841-0
S4617;S3842-0
S4573;S3843-0
S0298;S3845-0
S3111;S3846-0
S4144;S3847-0
S4146;S3848-0
S4713;S3849-0
S4026;S3850-0
S4345;S3851-0
S4055;S3852-0
S3904;S3853-0
S3506;S3854-0
S4607;S3855-0
S3811;S3856-0
S4226;S3857-0
S4316;S3858-1
S3826;S3859-0
S4119;S3860-0
S4039;S3861-0
S3815;S3862-0
S3823;S3863-0
S0644;S3864-0
S4047;S3865-0
S3849;S3866-0
S3885;S3867-0
S3844;S3868-0
S3882;S3869-0
S3886;S3870-0
S3859;S3871-0
S3867;S3872-0
S3914;S3874-0
S3893;S3875-0
S3915;S3876-0
S3881;S3877-0
S3890;S3878-0
S3907;S3880-0
S4131;S3881-0
S4400;S3882-0
S2016;S3883-0
S3906;S3884-0
S4139;S3885-0
S3838;S3886-0
S4024;S3887-0
S3999;S3888-0
S3934;S3889-0
S3933;S3890-0
S3964;S3891-0
S4863;S3892-0
S4703;S3893-0
S4042;S3894-0
S4721;S3895-0
S3940;S3896-0
S3941;S3897-0
S3942;S3898-0
S3943;S3899-0
S4212;S3900-0
S4858;S3901-0
S3949;S3903-0
S4780;S3904-0
S4701;S3905-0
S5182;S3906-0
S5181;S3907-0
S4120;S3908-0
S4537;S3909-0
S4346;S3910-0
S4738;S3911-0
S3966;S3912-0
S3967;S3913-0
S3968;S3914-0
S3969;S3915-0
S3970;S3916-0
S3971;S3917-0
S3972;S3918-0
S3973;S3919-0
S3974;S3920-0
S3975;S3921-0
S3976;S3922-0
S3977;S3923-0
S3978;S3924-0
S4866;S3925-0
S4814;S3926-0
S3981;S3927-5
S4172;S3928-0
S3951;S3929-0
S3952;S3930-0
S3953;S3931-0
S3954;S3932-0
S3955;S3933-0
S3957;S3935-0
S3958;S3936-0
S3959;S3937-0
S3961;S3939-0
S3962;S3940-0
S3994;S3941-0
S3995;S3942-0
S4791;S3943-0
S4792;S3944-0
S4800;S3945-0
S4790;S3946-0
S4793;S3947-0
S4789;S3948-0
S4788;S3949-0
S3980;S3950-0
S4756;S3952-0
S4750;S3953-0
S4754;S3954-0
S4749;S3955-0
S4852;S3956-0
S3997;S3958-0
S3991;S3959-0
S3992;S3960-0
S4676;S3961-0
S4893;S3962-0
S4717;S3963-7
S4383;S3964-0
S3965;S3965-0
S5074;S3965-5
S4879;S3966-0
S3984;S3967-0
S3985;S3968-0
S3986;S3969-0
S3987;S3970-0
S3988;S3971-0
S3989;S3972-0
S4868;S3973-0
S4869;S3974-0
S3982;S3975-0
S4007;S3976-0
S4011;S3977-0
S3983;S3978-1
S4086;S3979-0
S5084;S3980-0
S4132;S3981-0
S4870;S3982-0
S4018;S3983-0
S4804;S3984-0
S4180;S3985-0
S4985;S3986-0
S5321;S3987-0
S5028;S3988-0
S4768;S3989-0
S4765;S3990-0
S4621;S3991-0
S1758;S3992-0
S4853;S3993-0
S4704;S3994-1
S4116;S3995-0
S4159;S3996-0
S4443;S3997-0
S4708;S3998-0
S4729;S3999-0
S4878;S4000-0
S4931;S4001-0
S4966;S4002-0
S4907;S4003-0
S4895;S4004-0
S4772;S4005-0
S4697;S4006-0
S4773;S4007-0
S4387;S4008-0
S4386;S4009-0
S4390;S4011-0
S4389;S4012-0
S4012;S4012-1
S4698;S4013-0
S4650;S4014-0
S4654;S4015-0
S4215;S4015-1
S4751;S4016-0
S4664;S4017-0
S4576;S4018-0
S4509;S4019-1
S4919;S4020-0
S4031;S4021-0
S4032;S4022-0
S4022;S4022-1
S4033;S4023-0
S4028;S4024-0
S4029;S4025-0
S4468;S4027-0
S4837;S4028-0
S4838;S4029-0
S4030;S4030-0
S4839;S4030-1
S4786;S4031-0
S4147;S4032-0
S4013;S4033-1
S4021;S4036-0
S4424;S4038-0
S4017;S4039-0
S4444;S4040-0
S4585;S4042-0
S4062;S4043-0
S4857;S4044-0
S4666;S4045-0
S4659;S4046-0
S4416;S4047-0
S4453;S4048-0
S4276;S4049-0
S4110;S4050-0
S4662;S4051-0
S4711;S4052-0
S4724;S4053-0
S4613;S4054-0
S4813;S4055-0
S4887;S4056-0
S4888;S4057-0
S4889;S4058-0
S4890;S4059-0
S4776;S4060-0
S4777;S4061-0
S4778;S4062-0
S4511;S4063-0
S4063;S4063-1
S4714;S4064-0
S4461;S4065-0
S5051;S4066-0
S4402;S4067-0
S4978;S4068-0
S4989;S4069-0
S4366;S4071-0
S4753;S4072-0
S4757;S4073-0
S4752;S4074-0
S4079;S4075-0
S4542;S4076-0
S5079;S4077-0
S4065;S4079-0
S4072;S4080-0
S4073;S4081-0
S5009;S4082-0
S1677;S4083-0
S5010;S4084-0
S4672;S4085-0
S5016;S4086-0
S4943;S4087-0
S4074;S4088-0
S4075;S4089-0
S4076;S4090-0
S4077;S4091-0
S4161;S4092-1
S4491;S4093-1
S4158;S4094-0
S4150;S4095-0
S4200;S4096-1
S4271;S4097-1
S4066;S4098-0
S4466;S4100-1
S2252;S4101-0
S4083;S4102-0
S4822;S4103-0
S4823;S4104-1
S4824;S4105-1
S4825;S4106-0
S4826;S4107-0
S4679;S4109-0
S4680;S4110-0
S4785;S4111-0
S4655;S4112-0
S4084;S4113-0
S4441;S4114-1
S4133;S4115-1
S4085;S4116-0
S4071;S4117-0
S5045;S4118-0
S4882;S4119-0
S4881;S4120-0
S4798;S4121-0
S4945;S4122-0
S4362;S4123-0
S4726;S4124-0
S4848;S4125-0
S4087;S4126-0
S4417;S4127-0
S4770;S4128-0
S4691;S4129-0
S4088;S4130-0
S4094;S4131-0
S4210;S4132-0
S4223;S4133-0
S4264;S4134-0
S4637;S4135-0
S4162;S4136-0
S4173;S4137-0
S4096;S4138-0
S4702;S4139-3
S4681;S4140-0
S4140;S4140-1
S4355;S4141-0
S4092;S4142-0
S4193;S4143-0
S4358;S4144-0
S4169;S4145-0
S4581;S4146-0
S4493;S4147-0
S4142;S4147-1
S4812;S4148-0
S4488;S4149-0
S4614;S4150-0
S4104;S4151-0
S4319;S4152-0
S4642;S4153-0
S4278;S4154-0
S4361;S4155-0
S4277;S4156-0
S4482;s4157-0
S4845;S4158-0
S4658;S4159-0
S4918;S4160-0
S5087;S4161-0
S4983;S4162-0
S5072;S4164-0
S4567;S4165-0
S5034;S4166-0
S4236;S4167-0
S3725;S4168-1
S4114;S4169-0
S4113;S4170-0
S4841;S4171-0
S4716;S4172-0
S4262;S4173-0
S2178;S4174-0
S4145;S4175-0
S4844;S4176-0
S4183;S4178-0
S4560;S4179-0
S4154;S4180-1
S4176;S4181-0
S4175;S4182-0
S4182;S4184-0
S4179;S4185-0
S4195;S4185-1
S4186;S4187-0
S4198;S4188-0
S4454;S4188-1
S4293;S4189-0
S4197;S4192-11
S4208;S4193-1
S4207;S4195-0
S4222;S4196-0
S4209;S4197-0
S4217;S4198-0
S4218;S4199-0
S4213;S4200-0
S5000;S4201-0
S4733;S4202-0
S4203;S4203-0
S4272;S4203-2
S4224;S4204-0
S4227;S4205-0
S4306;S4207-0
S4307;S4208-0
S4308;S4209-0
S4309;S4210-0
S4265;S4211-0
S4266;S4212-0
S4239;S4213-0
S4338;S4214-0
S4304;S4215-0
S4305;S4216-0
S4294;S4217-0
S4301;S4218-0
S4302;S4219-0
S4303;S4220-0
S4263;S4221-0
S4320;S4222-0
S4296;S4223-0
S4297;S4224-0
S4298;S4225-0
S4299;S4226-0
S4300;S4227-0
S4292;S4228-0
S4281;S4229-0
S5050;S4230-1
S5048;S4231-0
S4684;S4232-1
S4710;S4233-1
S4727;S4234-0
S5096;S4235-0
S4334;S4236-0
S4335;S4237-0
S4987;S4238-0
S4238;S4238-1
S4499;S4239-1
S4507;S4240-1
S5013;S4241-0
S5008;S4242-0
S4861;S4243-1
S4405;S4244-0
S4909;S4245-0
S5153;S4246-0
S4980;S4247-0
S5152;S4248-0
S5020;S4249-0
S4447;S4250-0
S4470;S4251-0
S4406;S4252-0
S4593;S4253-0
S4938;S4254-0
S4471;S4255-0
S4553;S4256-0
S4506;S4257-0
S4403;S4258-0
S4497;S4259-0
S4612;S4260-0
S4480;S4261-0
S4459;S4262-0
S4326;S4263-0
S4364;S4263-1
S4327;S4264-0
S4328;S4265-0
S4329;S4266-0
S4331;S4269-1
S4365;S4270-0
S5063;S4271-0
S4860;S4272-0
S3241;S4273-0
S5165;S4275-0
S4984;S4276-0
S4368;S4277-0
S4369;S4278-0
S4370;S4279-0
S4371;S4280-0
S4342;S4281-0
S4363;S4282-0
S4340;S4284-0
S4367;S4285-0
S4372;S4286-0
S4373;S4287-0
S4374;S4288-0
S4382;S4291-0
S5068;S4292-0
S4397;S4293-0
S4414;S4294-0
S4394;S4295-1
S5043;S4296-0
S4962;S4297-0
S4409;S4298-0
S4420;S4299-0
S4674;S4300-0
S5036;S4301-1
S4412;S4302-0
S4774;S4303-0
S4469;S4304-0
S4442;S4305-0
S4775;S4306-0
S4990;S4307-0
S4423;S4308-1
S4421;S4309-0
S4498;S4310-0
S5183;S4311-0
S4439;S4313-0
S4440;S4313-1
S3319;S4315-0
S4433;S4316-0
S4434;S4317-0
S4435;S4318-0
S4436;S4319-0
S4437;S4320-0
S4438;S4321-0
S2846;S4321-1
S4427;S4322-0
S4428;S4323-0
S4429;S4324-0
S4430;S4325-0
S4431;S4326-0
S4432;S4327-0
S4921;S4328-0
S4351;S4329-1
S4446;S4330-0
S4445;S4331-0
S4840;S4332-0
S4903;S4333-0
S5007;S4334-0
S5070;S4335-0
S4456;S4336-0
S4460;S4338-0
S4462;S4339-0
S4709;S4340-0
S4463;S4341-0
S4564;S4342-0
S4465;S4343-0
S4472;S4344-0
S4344;S4344-1
S4486;S4345-0
S5080;S4347-0
S4467;S4348-0
S4479;S4349-0
S4474;S4350-0
S4494;S4351-0
S4495;S4352-0
S4484;S4354-0
S4490;S4355-0
S4492;S4356-0
S4502;S4359-0
S4504;S4360-0
S4769;S4360-1
S4515;S4361-0
S4584;S4361-1
S4543;S4362-0
S4516;S4363-0
S5037;S4363-2
S4514;S4364-0
S4518;S4365-0
S4545;S4366-1
S4633;S4367-0
S4561;S4370-0
S4570;S4371-1
S4571;S4372-1
S4558;S4373-0
S4552;S4374-0
S4565;S4375-0
S4569;S4376-0
S4599;S4377-0
S4554;S4377-1
S4572;S4379-0
S4381;S4381-0
S4706;S4381-1
S4563;S4382-0
S4580;S4383-1
S4591;S4385-0
S4590;S4387-0
S4618;S4388-0
S4610;S4390-0
S4638;S4391-0
S4657;S4392-1
S4941;S4393-0
S5375;S4394-0
S4628;S4395-0
S4608;S4396-0
S4285;S4397-0
S4942;S4399-0
S5134;S4400-0
S4623;S4401-0
S4620;S4402-0
S4619;S4403-0
S3477;S4404-1
S5093;S4405-0
S4622;S4406-0
S4631;S4407-0
S4408;S4408-0
S4905;S4409-0
S4643;S4410-0
S4974;S4411-0
S4496;S4412-0
S4970;S4414-0
S5126;S4415-1
S4648;S4418-0
S4645;S4419-0
S4678;S4420-1
S4647;S4421-0
S4665;S4422-0
S5022;S4423-0
S4673;S4424-0
S4969;S4425-0
S4685;S4427-0
S3268;S4429-0
S5054;S4430-0
S4663;S4431-0
S5061;S4432-0
S4728;S4433-0
S4699;S4434-0
S4671;S4435-0
S4803;S4436-0
S4686;S4438-0
S4818;S4439-0
S4682;S4440-0
S4743;S4441-1
S2180;S4442-0
S5033;S4443-0
S2181;S4444-0
S2626;S4445-1
S4696;S4446-0
S5094;S4447-0
S4700;S4448-0
S4740;S4449-0
S4741;S4450-0
S4712;S4451-0
S4705;S4452-0
S4722;S4453-0
S4986;S4454-0
S4920;S4455-0
S4935;S4456-0
S5119;S4457-0
S5177;S4458-0
S4854;S4459-0
S4747;S4460-0
S4719;S4461-0
S4624;S4462-0
S5030;S4463-0
S4944;S4464-0
S4739;S4466-0
S4771;S4467-0
S5058;S4468-0
S5031;S4469-0
S4761;S4470-0
S4759;S4471-1
S4748;S4474-0
S4575;S4475-0
S5202;S4475-1
S5203;S4476-1
S4767;S4477-0
S4762;S4478-0
S4763;S4479-0
S4807;S4480-0
S4796;S4481-0
S4815;S4482-1
S4816;S4483-0
S4817;S4484-0
S5320;S4485-0
S4781;S4486-0
S5353;S4487-0
S4830;S4488-0
S4764;S4489-0
S4782;S4490-0
S4766;S4492-0
S5313;S4493-0
S5314;S4494-0
S5315;S4495-0
S5316;S4496-0
S5317;S4497-0
S4883;S4498-0
S5129;S4499-0
S5252;S4500-0
S5351;S4501-0
S5308;S4502-0
S4794;S4503-0
S4795;S4504-0
S5307;S4505-0
S4808;S4506-0
S4834;S4508-0
S4835;S4509-0
S4827;S4510-0
S4787;S4511-0
S5268;S4512-0
S4996;S4513-0
S4933;S4514-1
S4801;S4515-0
S4802;S4516-0
S4947;S4518-0
S4995;S4519-0
S5319;S4520-0
S4799;S4521-0
S4871;S4522-0
s4810;S4524-0
S4836;S4525-0
S4952;S4526-0
S5175;S4527-0
S5180;S4528-0
S5286;S4529-0
S4917;S4530-0
S4963;S4531-0
S4811;S4532-0
S4819;S4533-0
S4820;S4534-0
S4847;S4535-0
S4821;S4536-0
S4849;S4536-1
S4951;S4537-0
S4828;S4538-0
S4892;S4540-0
S5300;S4541-1
S4948;S4542-1
S4846;S4543-0
S5333;S4544-0
S4829;S4545-0
S5004;S4546-0
S4850;S4547-0
S4851;S4548-0
S4842;S4549-0
S5128;S4550-0
S4864;S4551-0
S4856;S4552-0
S4867;S4553-0
S5131;S4554-0
S5116;S4555-0
S5115;S4556-0
S4960;S4557-0
S5254;S4558-0
S4880;S4559-0
S4932;S4561-0
S4894;S4562-0
S5075;S4562-11
S5274;S4564-0
S4877;S4565-1
S4875;S4565-2
S4884;S4566-0
S4900;S4567-0
S4901;S4568-0
S4902;S4569-0
S5257;S4570-0
S5210;S4571-0
S5021;S4573-0
S4904;S4574-0
S5132;S4575-0
S4899;S4576-0
S4898;S4577-0
S4897;S4578-0
S4908;S4581-0
S4968;S4582-0
S4906;S4583-0
S5163;S4584-0
S5035;S4585-0
S4916;S4586-0
S4568;S4586-1
S4930;S4588-0
S4954;S4590-0
S4955;S4591-0
S4956;S4592-0
S4957;S4593-0
S4958;S4594-0
S4959;S4595-0
S4927;S4597-0
S4967;S4599-0
S4923;S4601-0
S5160;S4602-0
S4937;S4603-0
S2868;S4605-0
S4924;S4606-0
S4925;S4607-0
S4926;S4608-0
S5261;S4609-1
S4949;S4610-0
S4950;S4611-0
S5032;S4612-0
S5185;S4613-0
S5069;S4614-0
S4939;S4615-0
S4934;S4616-0
S5207;S4617-0
S5208;S4618-0
S5044;S4619-0
S4965;S4620-0
S4973;S4621-0
S4964;S4622-0
S5159;S4623-0
S4992;S4624-0
S5012;S4625-0
S5345;S4626-0
S4981;S4627-0
S4988;S4628-0
S4993;S4629-0
S4982;S4630-0
S4994;S4631-0
S4991;S4632-0
S5001;S4633-0
S5002;S4634-0
S5003;S4635-0
S5071;S4636-0
own_id13;S4637-0
S5336;S4638-0
S5335;S4639-0
S5039;S4640-0
S5011;S4641-0
S4641;S4641-1
S5040;S4642-0
S5029;S4643-0
S5090;S4644-0
S5018;S4645-0
S3591;S4646-0
S5023;S4647-1
S5024;S4648-1
S5027;S4650-0
S5026;S4651-0
S5025;S4652-0
S5174;S4653-2
S5041;S4654-0
S5299;S4655-1
S5038;S4656-0
S5042;S4657-0
S5104;S4658-0
S5238;S4659-0
S5376;S4660-0
S5064;S4661-0
S5056;S4662-0
S5167;S4663-0
S5168;S4664-0
S5052;S4665-0
S5049;S4666-0
S5065;S4668-0
own_id31;S4669-0
S5283;S4669-1
S5384;S4670-0
S5342;S4671-0
S5082;S4672-0
S5077;S4673-0
S5083;S4674-0
S5078;S4675-0
S4675;S4675-1
S5111;S4676-1
S5085;S4677-0
S5076;S4678-0
S5066;S4679-0
S5067;S4680-0
S5081;S4681-1
S5091;S4682-0
S5092;S4683-0
S5364;S4685-0
S5102;S4686-0
S5095;S4687-0
S5206;S4688-0
S5223;S4689-0
S5086;S4690-0
S5097;S4691-0
S5217;S4692-0
S0307;S4693-0
S5407;S4694-0
S5099;S4695-0
S5108;S4696-0
S5107;S4697-0
S5105;S4698-1
S5103;S4699-0
S5106;S4700-0
S5122;S4702-0
S5137;S4703-0
S5112;S4704-0
S5123;S4705-0
S5218;S4706-0
S5117;S4707-0
S5121;S4708-0
S5113;S4709-0
S5118;S4710-0
S5379;S4712-0
S5130;S4713-0
S5133;S4714-0
S5216;S4715-0
S5143;S4716-0
S5155;S4717-0
S5142;S4718-0
S5144;S4720-0
S5147;S4721-0
S5158;S4727-0
S5251;S4728-0
S5196;S4730-0
S5164;S4731-0
S5330;S4735-0
S5192;S4736-0
S5188;S4737-1
S5205;S4740-0
S5209;S4747-0
S5191;S4749-0
S5197;S4750-0
S5198;S4751-0
S5199;S4752-0
S5219;S4756-0
S5220;S4757-1
S5232;S4758-0
S4758;S4758-1
S5367;S4762-0
S5390;S4766-1
S5211;S4767-0
S5212;S4768-0
S5242;S4769-0
S5224;S4771-0
S5239;S4772-0
S5148;S4773-0
S5221;S4778-0
S4779;S4779-0
S5352;S4784-1
S5226;S4786-1
S5357;S4789-0
S5356;S4790-0
S5231;S4793-0
S5258;S4794-0
S5381;S4795-1
S5234;S4796-0
S5255;S4799-0
S5256;S4800-0
S5244;S4802-0
S5250;S4803-0
S5378;S4804-0
S5253;S4805-0
S5341;S4809-0
S5339;S4810-0
S5338;S4811-0
S5265;S4813-0
S5288;S4825-0
S5295;S4826-0
S5293;S4828-0
S5292;S4829-0
S4876;S4876-0
S4891;S4891-0
S4928;S4928-0
S4946;S4946-0
S4953;S4953-0
S5019;S5019-0
S2650;S5044-0
S5053;S5053-0
S5213;S5213-0
S5225;S5225-1
S2462;S7474-0
